"","GeneFeature","X1792A","X1835_3","X1835_5_44","X2038A","X2038B","X3440","X3651AA","X4506BA","X93192A","X94293A_6_20","BJ2A","FoldChange","p.value"
"65","ABCC4",854,540,946,576,894,435,429,397,467,821,375,1.56361149110807,0.0349635255220111
"90","ABHD12B",10,9,3,10,5,10,14,21,13,23,9,0.493333333333333,0.0246757884237269
"105","ABI2",24744,15159,27032,19185,25930,15669,11154,21096,19379,14302,10730,1.45629806130185,0.0392063641991313
"181","ACP6",910,898,636,804,988,644,422,947,443,354,650,1.46913294797688,0.0348138142347872
"201","ACSM3",28,17,32,10,9,11,5,3,2,4,4,3.97241379310345,0.0343961049576959
"206","ACSS3",819,922,717,245,664,357,271,428,70,286,450,2.16992481203008,0.0312656739789283
"252","ADAM1",600,401,464,543,587,352,326,332,426,325,231,1.56325301204819,0.00426748031322548
"283","ADAMTS15",1539,897,883,1950,1937,5754,1359,4804,4012,1273,3372,0.420297462817148,0.0436604342718214
"308","ADAT1",1585,1166,1119,1262,1598,1050,542,1194,1092,911,1024,1.38929984517461,0.0246784633653764
"335","ADH4",20,23,14,25,35,8,11,7,17,19,7,2.03478260869565,0.0224168379845218
"380","AFAP1L1",25,22,34,16,21,5,25,7,11,10,10,2.08235294117647,0.0163084210914404
"385","AFF4",21933,17871,22282,19148,28387,17703,9109,20850,15661,15722,8323,1.5056450874462,0.0235732720213228
"463","AIM2",22,36,59,49,67,20,16,28,41,18,12,2.07111111111111,0.0371512832639072
"497","AKIRIN2-AS1",397,230,310,222,257,172,120,207,114,250,151,1.67573964497041,0.0210182859084848
"506","AKR1C3",132,279,196,151,167,28,35,40,18,145,147,2.68765133171913,0.010106337991479
"510","AKR1E2",9,25,21,27,18,1,6,4,4,11,6,3.75,0.00656452387785315
"530","ALDH1B1",1607,1111,1203,1171,1382,826,510,994,774,924,1047,1.53079802955665,0.00507897550047422
"583","ALPK1",506,581,495,422,647,190,204,471,433,370,178,1.72329360780065,0.00907584477244707
"622","AMPD3",278,275,261,288,355,194,118,151,83,59,82,2.54497816593886,9.42376996637892e-05
"634","ANAPC1",1441,954,1620,1033,1540,893,574,1237,758,1002,327,1.65009392611146,0.0230113389430194
"683","ANKRD18A",83,64,71,87,145,38,99,20,12,39,17,2.4,0.0252553602086234
"699","ANKRD27",1624,1105,1297,970,1115,744,606,1043,1021,841,790,1.45355797819623,0.0244773090701687
"706","ANKRD31",74,43,61,50,81,51,28,61,37,41,15,1.59141630901288,0.0436644037497437
"734","ANKRD57",3532,3909,5119,3420,3816,2225,1382,3776,2502,3102,3397,1.44990234375,0.0275667251046983
"752","ANO3",42,71,99,39,36,6,11,11,12,21,8,4.99130434782609,0.0183686504633157
"810","AP3M1",6110,3794,7054,4724,5499,4276,2030,5155,4395,3493,2140,1.51785564707525,0.0391168737428983
"887","APTX",1843,1448,1760,1429,1637,1209,789,1525,1467,939,1436,1.32252545824847,0.0281533465474622
"938","ARHGAP18",309,359,622,297,325,138,151,288,122,171,134,2.28525896414343,0.0200944605663227
"973","ARHGEF12",23398,16334,26532,18311,25375,15859,9392,21827,14914,15607,9786,1.5098701150083,0.0244898502241882
"1072","ARRDC3",3980,2078,3529,2702,3359,1437,1106,2053,1191,2747,2387,1.71940298507463,0.0158508314114636
"1089","ARTN",21,18,22,17,14,27,25,31,45,15,40,0.60327868852459,0.039988884934918
"1097","ASAP1",5449,3967,6125,4434,6179,3477,2596,5156,4443,4103,2542,1.40631805350181,0.0373480584868228
"1120","ASCC1",3400,2340,4152,2686,3422,1993,1273,3174,2368,2191,1787,1.5016424213984,0.0302773951072798
"1122","ASCC3",4771,4114,6663,4895,6676,3455,1952,6044,3563,3742,1655,1.59437558179413,0.0374157435898026
"1170","ATE1",1802,1045,1646,1147,1679,970,614,1515,876,1040,608,1.5619420238307,0.0317198843796301
"1180","ATF7IP2",165,105,180,113,201,80,137,82,61,99,74,1.72007504690432,0.0233782001551557
"1184","ATG14",2684,1656,2582,1882,2325,1516,1053,1970,2101,1785,1106,1.40119609694681,0.0425880940066089
"1330","AUTS2",16297,11395,13209,12528,12491,7032,6743,7151,9952,8047,6624,1.73667918066258,0.000775266853139879
"1333","AVL9",1988,1427,2078,1251,1670,891,773,1361,886,1300,551,1.75230822631031,0.00727867246738375
"1411","BAI3",3419,1772,3957,2101,2703,887,1297,1189,1596,2281,1994,1.81116399826915,0.0332682445214358
"1476","BCL2L11",1143,1134,1716,736,961,579,410,989,954,664,378,1.71816809260191,0.0436146710335255
"1489","BCL9",6660,6303,5219,4891,6222,4941,2847,5771,4515,3562,4541,1.342934637277,0.022143032583724
"1494","BCOR",5266,5380,5952,3470,4231,2432,2023,3021,2587,3097,1811,1.94768552534901,0.00331743310354462
"1541","BHLHE41",6596,8491,10882,6226,7579,5828,2823,8287,5310,2812,1565,1.79263098591549,0.0254659270835625
"1568","BLOC1S1-RDH5",15,13,20,14,21,13,5,8,11,10,14,1.6327868852459,0.0155398479906341
"1580","BMP2K",1056,1208,1489,674,1022,453,536,803,778,936,323,1.70770436145208,0.0260561322255133
"1637","BRAP",2998,1979,3000,2477,3149,2244,966,2988,2025,1709,1259,1.45863640425342,0.0458851419839178
"1641","BRCC3",1387,908,1335,840,1090,767,534,1088,758,751,802,1.41957446808511,0.0404411728130764
"1656","BRI3BP",323,176,292,214,238,140,106,204,138,174,101,1.72838933951333,0.0123338007872402
"1686","BTBD11",1813,1283,1421,1199,1110,351,511,605,150,1515,391,2.32506386602328,0.00966252895595971
"1749","C10orf137",1464,969,1409,1096,1491,1059,625,1213,1079,863,697,1.39356936416185,0.0323991532572268
"1855","C12orf45",366,242,360,330,371,174,139,288,241,199,283,1.51268882175227,0.00947651134702669
"1858","C12orf49",3615,2728,5111,3655,4446,2520,1076,3576,1930,2917,2513,1.61478117258464,0.0225337041286981
"2018","C17orf104",154,79,155,86,130,64,81,64,86,64,66,1.70541176470588,0.0353564273488794
"2039","C17orf57",231,284,198,286,252,135,190,124,234,257,74,1.48047337278107,0.0404592862393412
"2134","C19orf73",27,16,32,12,11,42,27,52,35,19,35,0.56,0.0369124671622347
"2223","C1orf226",2888,3233,2279,2534,2378,1525,1271,3242,1836,1296,1011,1.56904036931539,0.0340306905754928
"2268","C20orf123",36,58,84,47,34,30,7,46,35,18,10,2.12876712328767,0.0403324019289191
"2303","C20orf94",225,176,146,159,235,94,104,124,97,157,86,1.70574018126888,0.00771905636517265
"2364","C2orf3",1099,968,1524,1110,1276,883,491,1137,696,924,761,1.46614881439084,0.0182336878154028
"2367","C2orf43",1916,1267,2713,1510,1906,1470,700,1568,1074,1087,602,1.71887401938163,0.0321759120217574
"2483","C4orf49",129,285,305,206,216,154,68,117,130,83,117,2.04663677130045,0.0164666847645459
"2524","C5orf64",25,54,94,67,59,27,24,23,31,21,42,2.13571428571429,0.0434050514122172
"2559","C6orf176",2975,4395,3852,3221,4330,1821,2637,2608,2468,3271,1837,1.53856030596913,0.00686380196638536
"2690","C9orf125",2212,1088,2008,817,1239,495,416,776,366,1182,426,2.41376673040153,0.0293706474083045
"2764","CA2",3944,2680,3870,3466,3158,2079,1375,1961,2083,2411,1909,1.73816212557116,0.00126538438735725
"2789","CACNA1C",7808,11289,3891,11304,10281,5056,3231,7211,4232,6572,2551,1.85379683221849,0.0409931852822714
"2799","CACNA2D3",1035,797,1153,595,804,44,253,301,48,743,357,3.01305841924399,0.00277481681113161
"2847","CAMK1D",1017,1126,1154,704,755,349,393,837,521,712,524,1.71079136690647,0.0110126234148465
"2851","CAMK2D",10029,6615,10673,8531,10606,4310,3235,9010,7429,6705,5829,1.52650199901418,0.0215334109671518
"2858","CAMKMT",440,331,436,343,338,302,177,343,318,220,252,1.40545905707196,0.0140513863534012
"2866","CAND1",15652,8176,18831,10506,15231,8359,5030,12896,8393,9131,5490,1.66484512870444,0.0458971239761191
"2904","CARD8",2864,2143,2623,2291,3225,2303,1245,1813,2752,2039,1602,1.34211332312404,0.0472173542981558
"2956","CBLB",2119,1396,1708,1239,1473,1101,1076,1302,1281,1247,973,1.36418338108883,0.0476400667211676
"2993","CCDC102B",416,590,781,397,706,171,227,533,246,535,221,1.7941024314537,0.0348776500078514
"3340","CDC27",5143,3593,6437,4266,5212,3493,2014,5258,3473,3570,2029,1.49121338912134,0.0426607150540014
"3344","CDC40",1578,937,1355,1210,1396,990,526,1385,1062,911,623,1.41371657267601,0.0486106533574245
"3359","CDC7",1293,508,1311,911,1195,508,422,696,888,653,521,1.69783080260304,0.0446944772394669
"3381","CDH20",1698,1511,2057,1663,1287,902,876,958,1167,1316,1537,1.45932504440497,0.0134956958476695
"3425","CDK8",1301,535,1205,802,964,490,424,716,593,673,576,1.66140552995392,0.0477666211850127
"3645","CHD9",8186,4373,7158,5397,7518,4052,4015,6237,4625,5138,2752,1.46009918341474,0.0459879560068438
"3947","CNO",863,657,804,620,735,568,262,757,531,423,635,1.39005037783375,0.037346910177468
"3953","CNOT6",5937,4423,6166,5019,6116,4311,3085,5347,4788,3869,2728,1.37571286472149,0.0200477967947402
"3980","CNTNAP3",868,548,466,496,880,502,262,625,357,386,169,1.69908735332464,0.0472125986622762
"4011","COL19A1",107,112,127,81,56,13,20,25,2,69,13,4.08169014084507,0.00180088538002877
"4101","COX10",1229,922,1402,801,882,854,424,918,722,690,695,1.46019056472229,0.0445881477947186
"4131","CPA5",157,64,68,62,133,12,14,11,23,114,18,3.025,0.0364733794457297
"4274","CSDAP1",8,4,7,5,3,1,3,4,2,2,3,2.16,0.0314405648331451
"4304","CSNK1G1",3657,3232,3335,2792,3881,3303,1972,3276,2483,2354,1737,1.34058842975207,0.0281005241748233
"4308","CSNK2A1P",59,45,68,60,65,48,22,45,25,37,27,1.74705882352941,0.00213210559073734
"4409","CTSC",291,847,1269,697,855,159,184,646,88,621,111,2.62620232172471,0.0350560391677848
"4421","CTSO",871,1738,1676,941,1157,1012,260,1109,108,969,578,1.89781962338949,0.0401119140573553
"4481","CXCR7",2136,1277,1952,1131,897,391,244,853,526,754,693,2.5633054030627,0.0162031379532727
"4533","CYFIP2",14193,13636,21019,11319,12439,7717,4682,10061,6911,9398,15001,1.62036823507532,0.0358313521402005
"4703","DCLK1",29885,18586,31600,16690,22231,10225,8817,15370,16748,21538,18163,1.57152573711493,0.0453399061692911
"4722","DCTN5",11467,8023,9487,8771,11173,8873,4443,9584,6687,7221,5669,1.38204675471432,0.0280505927697671
"4786","DDX52",2374,1723,3250,2161,2486,1646,1024,2417,1891,1510,1505,1.44028820174122,0.0480009894821381
"4795","DDX60L",389,468,699,369,573,145,176,234,194,373,158,2.341875,0.00576350525602049
"4868","DENND5B",19994,13489,15153,18534,24250,13792,8275,13468,16641,11059,8461,1.53012720374916,0.0272560267819639
"4872","DEPDC4",63,72,55,71,79,39,30,52,78,40,26,1.53962264150943,0.0275507889016676
"4892","DGCR11",88,96,116,98,120,41,90,87,103,69,75,1.33677419354839,0.0389029326799086
"4895","DGCR5",686,548,1227,698,887,433,295,506,255,318,626,1.99556103575832,0.0221217913446666
"4940","DHX33",3248,2127,2754,3174,3695,2925,1444,2406,2764,1809,1551,1.39527095123653,0.0478601116221577
"4999","DKK2",917,613,430,430,821,127,528,464,64,545,97,2.11134246575342,0.0364551736268863
"5007","DLEU1",423,349,375,334,425,282,204,347,414,215,189,1.38534221683828,0.0356834048044555
"5055","DMXL2",6948,3803,5907,4015,6197,3206,2590,4229,3432,4533,3323,1.5128794632384,0.0397701919577097
"5063","DNAH14",796,523,648,651,720,281,383,280,559,475,474,1.63360522022839,0.00317450155426114
"5102","DNAJC18",4858,3005,5569,4446,5216,3075,1814,4752,3013,3016,2197,1.55106061454077,0.024965598316927
"5136","DNM1L",8836,3994,7381,5380,7611,4105,3056,6020,5406,2929,3525,1.59108661794657,0.0456886608070418
"5147","DNMT3B",697,455,507,627,398,164,256,211,397,374,411,1.77650303364589,0.00998157902855471
"5161","DOCK4",3395,3072,3693,2144,3151,1573,1309,2307,2226,2342,2063,1.56903553299492,0.00854751645027361
"5179","DOPEY1",3209,1528,2464,1645,2533,1120,1075,2045,1335,1989,753,1.64179391607551,0.0486133806233665
"5180","DOPEY2",2710,1359,2080,1434,1816,791,807,855,1265,1305,1607,1.70117647058824,0.0309318090438258
"5214","DPY19L1P1",595,469,557,712,850,255,438,460,373,436,243,1.73224489795918,0.0108324608119372
"5314","DUSP5P",85,82,82,108,129,8,18,47,53,60,93,2.09032258064516,0.0103606454281891
"5371","EAF2",156,198,247,107,140,142,76,105,89,122,59,1.71602023608769,0.0406545973585128
"5385","ECD",1564,1078,1867,1172,1512,966,767,1629,958,927,618,1.47171355498721,0.0476745284019555
"5393","ECHDC3",29,42,37,19,39,9,25,36,18,10,9,1.86168224299065,0.0328346049425684
"5555","EIF5A2",969,646,884,766,913,574,285,734,618,647,387,1.54502311248074,0.00988943213119414
"5588","ELOVL2",1509,1021,1882,1696,1825,788,316,891,1323,1231,1496,1.57478908188586,0.0356611907470897
"5599","EMB",236,143,278,242,292,54,45,59,103,135,63,3.11372549019608,0.00135406344699268
"5631","ENC1",33076,15681,30874,19133,18738,9671,8691,12565,11633,21754,12772,1.82915704537789,0.0362408219699778
"5651","ENPP2",6749,4573,5715,4017,5177,2601,1923,4811,3137,4126,2465,1.65121964014059,0.0114715061984517
"5654","ENPP5",222,224,343,262,449,122,194,64,192,290,37,2.00222469410456,0.0300762515752372
"5659","ENTPD1",3324,2162,2794,2446,3014,1394,1535,2002,2033,2096,1780,1.5210332103321,0.00613546545622997
"5667","ENTPD8",35,16,4,17,15,67,28,53,83,12,73,0.330379746835443,0.0248452678211225
"5687","EPG5",3739,2902,2930,2549,3824,2590,2001,2967,2434,2706,1665,1.33208939636566,0.0373817850735358
"5718","EPS8",3691,3367,4548,2757,2955,1331,947,3439,1679,2854,1601,1.75357353809805,0.0162504789189175
"5741","ERCC6",1534,1132,1373,1184,1606,1311,961,1214,1100,928,931,1.27149728471683,0.0358081670642299
"5841","EXOG",1316,974,1611,1123,1323,832,631,997,1189,791,710,1.47891262135922,0.0164922664211532
"5963","FAM126A",4982,5523,8381,6726,7770,4529,1937,6159,4428,6064,2729,1.54988779695117,0.0344348363256291
"5989","FAM13A",1221,1109,1188,916,1386,731,663,1128,1145,824,645,1.35981308411215,0.0305343625338305
"6051","FAM178A",3656,2285,4961,2786,3904,2454,1461,2323,2484,2347,1968,1.61926823655749,0.0411328681086307
"6064","FAM184B",486,529,556,241,257,152,175,176,232,200,322,1.97517899761337,0.0369042937522232
"6079","FAM190B",6963,3705,7188,4124,5592,2886,2743,4632,3878,4028,2838,1.57516781718638,0.0443498289715192
"6171","FAM55C",6063,3764,5160,4979,6708,3655,2467,4502,4805,3465,4254,1.38278900984966,0.0442580242284315
"6204","FAM71F1",59,83,58,71,81,40,41,60,48,41,24,1.66299212598425,0.00369594508674802
"6239","FAM82B",3180,2245,3792,2892,3717,2259,1184,3307,2326,1948,1844,1.47584706248057,0.0324587576970599
"6252","FAM86B2",30,29,36,22,17,5,5,25,21,1,13,2.29714285714286,0.0166956108442985
"6259","FAM89A",615,696,776,496,475,274,244,414,260,484,487,1.69653259361997,0.00921147878970519
"6314","FASTKD1",1351,791,1370,912,1320,673,601,920,922,763,674,1.51390292115089,0.0300344000669756
"6320","FAT3",23578,11921,17436,14643,21539,15499,11137,10251,13844,10367,6660,1.57826972460816,0.0359789460305801
"6335","FBP1",26,9,26,24,30,7,7,5,5,6,15,3.06666666666667,0.00942884256125324
"6385","FBXO43",10,24,25,22,20,15,9,9,6,19,11,1.75652173913043,0.0317440795877487
"6442","FDXACB1",336,190,360,185,232,137,79,225,146,153,176,1.70698689956332,0.0401075797942353
"6444","FECH",2685,2495,3592,2263,2815,2368,984,2871,1964,1973,1635,1.40907164052565,0.0449607267048092
"6473","FGD4",3105,1122,2732,2264,2896,1196,1128,1337,1205,1425,1552,1.85423944919036,0.0329732632653734
"6578","FLJ14186",320,274,256,192,188,118,151,151,226,120,228,1.48490945674044,0.0371585280622184
"6654","FLJ42627",478,451,485,574,638,316,348,301,451,328,428,1.45082872928177,0.00591379030426801
"6667","FLJ44635",31,16,13,27,29,9,1,12,11,6,19,2.4,0.0169946207137636
"6772","FOXJ3",6110,3496,5408,3679,4839,3137,2341,4378,3474,3172,3285,1.42711881538384,0.0462404563863575
"6779","FOXN2",1195,894,1660,1043,1271,517,306,781,672,682,588,2.05177664974619,0.00507365906594125
"6784","FOXO3B",1934,1229,1144,1267,1484,951,734,1105,1019,1179,973,1.42083543029693,0.0389440842157901
"6844","FSIP2",3039,1495,1970,1251,2614,967,1177,1917,895,1217,623,1.83090052972337,0.0467315764501036
"6900","FYN",18638,22204,26094,17557,19299,14330,6214,20186,16955,12411,14265,1.47639786157111,0.0237002208370635
"6915","G3BP1",6011,4672,8649,5517,6470,4611,1966,6338,4640,3949,2989,1.53443024537623,0.0405749700260965
"7029","GARNL3",1022,885,1200,565,894,333,487,460,642,773,811,1.56280661722761,0.0356832431852403
"7062","GBE1",1042,571,1274,850,1118,534,294,886,605,470,761,1.64112676056338,0.0356813189937312
"7096","GCNT2",639,279,728,474,496,175,231,119,313,380,397,1.94377708978328,0.0264124847102801
"7204","GIT2",3615,2505,3492,2573,3383,2213,1442,3366,2248,2060,1606,1.44426749130267,0.0275940837243169
"7241","GLDN",44,34,46,75,52,12,23,49,10,33,9,2.21470588235294,0.0175096779290344
"7246","GLI3",3499,4817,4572,3348,4068,3032,2416,4386,2575,3157,1017,1.46926370379304,0.0404932779183906
"7432","GPC6",3167,3940,7488,5002,6052,3834,1630,3502,3496,3411,1423,1.779532839963,0.0404819145545339
"7437","GPD2",714,889,1469,780,1176,397,425,1063,271,758,484,1.77563272513243,0.0427418733630771
"7468","GPR126",344,463,795,830,927,277,140,325,486,426,159,2.22327633756205,0.0268844482525671
"7474","GPR137B",1824,1140,2032,1440,1818,674,551,1616,1192,1031,954,1.64586241276171,0.0177382197997018
"7492","GPR158",333,285,437,188,283,73,110,115,113,328,280,1.79705593719333,0.0484175158225461
"7514","GPR27",260,266,296,193,256,51,20,48,83,149,276,2.43253588516746,0.00997679834374422
"7566","GPSM2",1216,952,1094,1111,1315,781,708,936,974,1155,618,1.31972157772622,0.0237260955572761
"7592","GREB1",2561,4324,4118,1677,2008,666,1192,1036,1157,1976,1527,2.33328038125496,0.0335156772613093
"7593","GREB1L",2500,2741,1495,1493,2488,825,920,1626,1183,1439,1000,1.83903903903904,0.0176883262291627
"7695","GTF2E1",1629,1165,1372,1154,1278,870,529,1191,1043,841,890,1.47606263982103,0.00812316434069283
"7700","GTF2H2",155,93,110,78,109,22,35,49,141,57,14,2.05660377358491,0.0378883776930305
"7704","GTF2H3",1768,1256,1698,1770,2227,1357,675,1865,1141,1212,659,1.51437255753365,0.0361843072144445
"7745","GUF1",3591,2695,5129,2729,3863,1805,1005,2658,1965,2337,1386,1.93693079956974,0.0130368342882482
"7971","HFE",182,99,134,65,110,54,45,87,23,98,38,2.05217391304348,0.0338473274490534
"8009","HIP1",9551,12318,13507,8813,11336,8880,4960,9770,9336,5885,7165,1.44860422645447,0.0178988986811431
"8032","HIST1H2AK",41,30,27,31,16,24,23,13,14,17,16,1.62616822429907,0.0471505707837873
"8045","HIST1H2BK",602,320,411,426,554,311,204,273,312,203,472,1.56371830985916,0.0334368862097062
"8059","HIST1H3J",1,12,2,2,3,7,18,12,9,5,16,0.358208955223881,0.0360974988257165
"8090","HIVEP2",5085,4568,4439,3722,5326,4255,2498,4891,3487,3250,2629,1.32165635411709,0.0415201510587548
"8301","HS3ST6",110,82,131,34,118,12,24,104,1,37,28,2.76699029126214,0.0272438713087372
"8314","HSD17B12",9120,6504,11418,10818,10614,8073,3689,9559,6377,5019,7280,1.4543290746806,0.0370817074704571
"8360","HSPA4L",2362,1930,2724,1804,2338,1174,643,1900,1280,1504,906,1.80769542324828,0.00278017533441185
"8385","HTATIP2",530,454,478,413,565,411,179,146,211,222,179,2.17210682492582,0.000425584724812864
"8442","ICK",2112,1217,2403,1431,1868,1000,789,1442,1164,1258,961,1.6385243423042,0.0275447595332624
"8454","IDH1",15048,13429,24950,14264,16062,12808,6587,13660,11684,10449,10566,1.52847887580984,0.0483962747337246
"8460","IDI2",131,111,172,93,102,67,57,85,110,49,77,1.64224719101124,0.0243242101705058
"8464","IDS",44012,25694,39423,38504,49800,26056,12981,33232,27334,26987,29478,1.51805366891355,0.0262167490479639
"8473","IFI16",1752,2299,2992,2380,2885,1292,622,2367,1846,1839,1159,1.61858630136986,0.0210427450507712
"8479","IFI44",395,530,694,349,475,98,146,222,147,369,276,2.33036565977742,0.00591843425167502
"8480","IFI44L",1754,2039,3691,1534,1973,316,366,310,436,1487,821,3.53029978586724,0.0105838113178901
"8552","IGFBPL1",586,593,735,252,84,59,73,44,37,272,222,3.81895332390382,0.0491182816234539
"8610","IL17RB",561,457,683,329,468,291,284,499,271,272,239,1.61508620689655,0.0300263752231755
"8698","IMPG1",50,29,56,37,41,13,12,30,25,32,14,2.02857142857143,0.00722111658837501
"8746","INSM1",695,357,848,497,303,145,118,184,194,253,562,2.22527472527473,0.0449495547333567
"8759","INTS6",2326,1657,2524,1677,2087,1529,970,2062,1626,1466,951,1.43249651324965,0.0318271914425715
"8767","IP6K3",47,105,50,86,104,35,38,64,60,16,36,1.88915662650602,0.0419862257026047
"8781","IQCB1",1757,1166,1869,1146,1599,1196,495,1438,1160,1088,834,1.45619062952826,0.044662149613223
"8859","ITGA2",128,42,112,70,121,52,39,43,29,72,22,2.20856031128405,0.0315238769160042
"8909","ITPRIPL1",125,60,42,145,108,37,11,45,30,40,44,2.78260869565217,0.0319848146592008
"8993","KC6",528,245,138,251,469,14,110,130,102,110,131,3.278391959799,0.0351502200313844
"9036","KCNIP4",605,269,752,557,329,195,229,378,258,349,92,2.00826115922718,0.045342155617508
"9097","KCTD12",7825,4222,8380,2952,2786,1467,949,2266,1978,3818,1108,2.7099948213361,0.0486610844825618
"9106","KCTD20",6431,5354,6605,6608,8913,4698,2268,6953,4394,4922,5004,1.44102836502709,0.036301511742506
"9109","KCTD4",42,48,60,62,34,10,34,22,39,25,22,1.9421052631579,0.00765922087118275
"9129","KDM4D",282,306,463,233,328,197,125,295,279,171,183,1.54752,0.0435372899410918
"9132","KDM5B",14780,9066,12736,10833,12863,8730,5294,12695,9340,8745,5207,1.44635380216352,0.0353860650654042
"9172","KIAA0317",7876,4723,8022,5542,6573,5232,2449,6262,4483,4190,4549,1.44609607951408,0.0394766823133029
"9186","KIAA0586",960,827,1494,982,1214,732,517,1002,693,777,633,1.50950849793294,0.0314497693946648
"9200","KIAA0922",801,605,871,637,803,487,345,818,638,542,426,1.36990171990172,0.0448688663868758
"9202","KIAA0947",5217,3691,5323,4033,5525,3543,2092,4966,3608,3195,2096,1.46393846153846,0.0283133757142909
"9205","KIAA1033",3730,2339,3760,3471,4882,2596,1371,3434,2599,2209,982,1.65403684330225,0.0282043942981098
"9259","KIAA1797",4189,3065,5931,2869,3629,2910,1639,3521,1952,2700,1125,1.70575575937026,0.0418708097122025
"9393","KLHL28",5275,3603,4993,4269,5736,2842,1969,4036,4326,3537,2146,1.51947390750955,0.0158607060843273
"9459","KRBA2",949,555,661,592,719,468,175,588,554,530,551,1.45540823447313,0.0463348988069755
"9675","LARS",12163,9054,15711,11570,14352,10083,5205,12090,9241,8423,5825,1.48269015275129,0.0291617457329629
"9724","LCOR",4415,2171,2963,2981,3552,2338,1906,2352,2328,2165,2067,1.46688963210702,0.0497733706901005
"9734","LDHAL6A",22,25,28,24,18,16,17,16,22,9,19,1.41818181818182,0.0192525139842524
"9820","LIFR",16913,15626,22286,11178,14314,5703,5499,5745,8199,11720,4201,2.3469062751114,0.00377915490461123
"9862","LINS",635,418,542,439,633,369,238,476,411,311,217,1.58278931750742,0.0119401880680545
"9938","LOC100128398",386,208,264,371,374,104,200,184,345,186,236,1.53274900398406,0.047454528802984
"9953","LOC100128788",28,25,22,25,23,14,6,11,15,7,27,1.845,0.0134978164095429
"10022","LOC100130691",576,746,583,463,648,505,389,403,554,413,319,1.40116144018583,0.018235268876232
"10027","LOC100130855",50,71,73,67,86,30,51,18,42,55,22,1.91009174311927,0.00378183208425825
"10065","LOC100132111",11,10,16,11,14,4,5,1,5,1,6,3.38181818181818,0.000281231265564646
"10217","LOC100292680",31,32,16,31,47,10,21,11,22,12,26,1.84705882352941,0.0406133920646796
"10220","LOC100294145",1149,662,1795,885,1109,489,258,560,530,644,471,2.27642276422764,0.0272274637055972
"10225","LOC100303728",174,129,169,128,165,116,86,141,136,105,136,1.275,0.0378587274151142
"10232","LOC100379224",582,190,362,430,440,192,154,189,276,245,199,1.91617529880478,0.0371500931050021
"10240","LOC100499466",10556,6460,9965,7125,9690,6662,5189,7589,7265,4732,5795,1.41155994843146,0.0330429179675636
"10322","LOC100506207",94,100,114,96,136,39,39,92,35,66,113,1.6875,0.0215590565213473
"10329","LOC100506334",310,169,149,140,198,38,100,34,15,49,54,3.99724137931034,0.00661074242862215
"10379","LOC100506930",1001,739,1187,895,960,745,544,835,898,523,820,1.31463917525773,0.044672011016222
"10385","LOC100507032",295,315,422,233,323,146,159,199,257,239,172,1.6259385665529,0.0116281975270738
"10435","LOC100507462",43,49,36,35,39,29,26,29,12,23,29,1.63783783783784,0.00227247986252977
"10466","LOC100631378",32,52,29,24,54,2,22,8,21,15,11,2.90126582278481,0.0111987090461972
"10477","LOC144438",3044,1786,3230,2397,3059,1990,1331,2875,2203,1510,963,1.49183222958057,0.0478675115273496
"10501","LOC148189",719,265,603,315,491,58,247,359,226,315,100,2.20045977011494,0.0349777942681853
"10509","LOC149837",61,51,58,12,48,2,29,1,5,24,26,3.17241379310345,0.0192887709104501
"10583","LOC255167",59,72,33,35,63,37,11,23,8,35,53,1.88263473053892,0.0451179350298511
"10600","LOC283143",12,45,55,95,78,2,26,18,10,16,11,4.12048192771084,0.0368627968408677
"10715","LOC286190",26,22,14,21,15,18,16,14,6,12,12,1.50769230769231,0.047849591824998
"10718","LOC286367",128,148,164,147,223,106,134,85,136,103,86,1.49538461538462,0.0262613932905061
"10722","LOC286467",81,134,36,42,118,5,19,5,9,13,68,4.14453781512605,0.0298449463512147
"10739","LOC339524",7,4,4,8,7,13,9,21,12,18,5,0.461538461538462,0.0311928268438605
"10778","LOC374443",475,416,664,444,655,401,309,357,482,370,258,1.46293063849334,0.0318140075502287
"10852","LOC400685",130,44,100,45,64,15,32,2,27,63,32,2.68771929824561,0.0428210995086214
"10864","LOC401074",76,58,53,47,33,173,114,222,180,91,17,0.402007528230866,0.0458754293105
"10936","LOC442421",41,37,59,10,23,1,4,4,15,10,31,3.13846153846154,0.0480457731649905
"10958","LOC613037",31,19,13,35,33,10,12,15,26,11,11,1.84941176470588,0.0488386344965498
"11009","LOC644554",135,103,258,86,129,8,52,62,49,87,64,2.64968944099379,0.0399854774609574
"11018","LOC645166",177,268,216,256,302,182,91,173,253,143,143,1.48507614213198,0.0298822157327615
"11165","LOC730101",1705,1599,1899,1242,1673,1127,396,1431,893,1104,874,1.67237768240343,0.00533192402481372
"11241","LRBA",3568,3247,4987,3108,4643,3283,1915,3790,3207,2587,1024,1.4844742502847,0.0499512013082642
"11269","LRP4",4864,6296,5178,3875,4289,4294,2944,4781,3888,2808,796,1.50696530162472,0.0477914687570085
"11273","LRP8",3925,2849,5737,3649,3647,2802,1449,2823,2282,2571,2626,1.63323026180169,0.0287293757692116
"11365","LRTM1",12,23,38,27,30,5,19,20,16,4,18,1.90243902439024,0.0475940615109953
"11528","MAGI2",4404,2144,4097,2019,2691,1666,1988,1827,1160,1857,1534,1.83672248803828,0.0461843274084451
"11530","MAGIX",39,30,34,27,44,63,39,49,48,37,74,0.673548387096774,0.0358460690070092
"11602","MAP6",21569,11044,18888,12515,13627,8979,6179,13046,12006,8754,9780,1.58606155522266,0.043405471059621
"11646","MARCKS",52644,37593,71332,34193,37036,20909,12104,27026,24195,37136,40292,1.7280350360629,0.0487226842710724
"11753","MCTP1",335,317,653,255,303,232,104,230,222,141,83,2.20909090909091,0.0428999888038688
"11773","ME2",3346,1983,3396,3152,3541,2201,1077,3212,2082,2157,2198,1.43123694592713,0.0435449155815157
"11785","MED13",10358,5528,10991,8037,10920,6837,4684,8289,7042,6604,3673,1.48134342427752,0.0498646673609097
"11801","MED28",2724,2247,3690,2078,2551,2070,970,2568,1933,2009,1343,1.46405948774442,0.0489649282042774
"11806","MED6",1354,1076,1592,991,1054,821,591,1122,1101,728,932,1.37495750708215,0.0488837326891385
"11859","METTL15",1086,742,1002,906,1291,724,476,911,947,717,555,1.39316397228637,0.0433711148652932
"11877","METTL7A",4077,2118,2791,2912,3052,1655,1025,1730,2510,1313,2198,1.71987345412712,0.0130244611072912
"11879","METTL8",1335,958,1787,1172,1475,824,644,1211,956,871,825,1.51423747889702,0.0271873638369544
"11881","MEX3A",9483,7245,9758,8415,9215,6346,4167,9361,7835,6058,6080,1.32856174868873,0.0334110148276637
"11914","MGAM",33,11,31,29,58,81,24,82,63,52,55,0.54453781512605,0.0437529241101245
"11921","MGAT5",2918,2085,2249,1553,2180,1604,960,1826,1027,1737,1475,1.52763935566114,0.022695379566212
"11923","MGC12916",185,117,211,60,74,18,24,64,15,104,36,2.97471264367816,0.0420239809587144
"11951","MGLL",440,427,541,435,662,71,161,474,61,329,313,2.13342796309439,0.0102649449277626
"11952","MGMT",523,304,531,241,465,114,208,168,66,178,364,2.25573770491803,0.0143541515057786
"12154","MIR155HG",14,18,22,24,29,5,21,7,16,6,9,2.00625,0.0168557530551746
"13312","MN1",6383,10123,9781,5974,6886,5819,2896,6680,5745,5652,4015,1.52486123283669,0.0367374567918725
"13368","MPHOSPH9",1141,739,1085,1051,1324,749,605,888,928,714,290,1.53521801629133,0.0215187571087989
"13496","MRVI1",633,2046,2052,1093,1395,141,460,584,599,888,658,2.60144144144144,0.0284911863391516
"13563","MTAP",1460,1137,1745,1395,1895,1024,725,1282,1158,1087,645,1.54676574902888,0.01269364320526
"13601","MTMR8",110,98,79,81,85,41,59,48,66,75,94,1.41932114882507,0.0235389391548293
"13688","MYCN",2076,1704,2612,1940,1579,1464,547,1651,1689,1304,1377,1.48072709163347,0.0293369434103161
"13689","MYCNOS",32,44,51,24,41,25,12,18,12,25,35,1.81417322834646,0.0203573370915969
"13752","MYO6",7386,6007,6468,6510,8761,3865,3321,6997,6404,5965,3245,1.41485384434675,0.0379188291456346
"13789","NAA15",4328,2386,4310,2896,3987,2407,1845,3196,2921,2450,1885,1.46139825897715,0.0449368145034647
"13860","NAV1",12169,12522,10463,6245,7140,2219,5826,7352,3059,8913,6009,1.74506561207981,0.0359662878928261
"13889","NCAM2",1180,2183,3183,2083,3548,159,26,215,1494,1730,14,4.01660252886201,0.00892879727240529
"13911","NCKAP5",1544,1301,1249,1026,1439,565,597,413,1250,751,1215,1.6428303068253,0.0160463703529302
"13917","NCOA2",3348,2005,3520,1791,2748,1662,1398,2421,1643,1978,939,1.60286824021512,0.0424945010441599
"13921","NCOA6",9598,7172,8190,5897,7535,5218,4560,6217,6348,4843,4600,1.44939281444661,0.0128773252524311
"14227","NHSL2",302,296,177,165,328,103,110,213,108,211,191,1.62564102564103,0.047484652261474
"14247","NIPSNAP3B",98,78,103,86,117,65,54,84,59,56,71,1.48688946015424,0.00576206942240572
"14274","NKX3-1",22,28,28,10,27,29,7,6,10,10,6,2.02941176470588,0.0440767944719752
"14378","NOX4",125,94,185,101,89,56,48,106,31,71,43,2.00788732394366,0.0244722173739861
"14435","NQO1",1633,3467,3443,1862,2603,1020,605,2107,1050,1948,1448,1.90873074101247,0.0293074097994015
"14469","NRCAM",14070,11817,22680,10849,15339,5658,4877,11258,7727,11875,7728,1.82615068297946,0.0281368983826474
"14507","NSUN4",1743,1334,1890,1278,1570,1118,635,1514,1236,935,971,1.4632547979404,0.0167577381793903
"14512","NSUN7",1132,788,754,608,589,336,446,742,462,334,281,1.78592848904268,0.0227267916605342
"14577","NUDT7",368,323,335,281,330,218,143,255,238,178,379,1.39220411055989,0.0392577337765865
"14589","NUP153",5889,4002,6164,3707,4837,4102,2085,4445,4080,3044,2424,1.46277502477701,0.0388746903613662
"14637","OAS3",120,259,507,91,228,4,48,26,9,62,2,9.57615894039735,0.0419788383199471
"14643","OBFC1",1354,996,1262,1024,1207,1004,547,1306,762,804,673,1.37590266875981,0.0392052257856208
"14656","OCLN",620,730,937,651,850,490,394,566,649,473,73,1.71856332703214,0.0126932555373186
"14671","ODZ2",8500,10369,7457,6334,6649,1780,2847,6271,2576,6943,3100,2.00581706850364,0.00716923274433404
"14712","OPHN1",2978,1975,2298,1574,2318,1315,935,1713,1586,2056,1529,1.46393693890957,0.037555263236225
"15141","OSBPL6",2704,1868,3133,1430,1726,870,940,1312,1179,1706,1495,1.73729672087443,0.041787038978249
"15238","PABPC4L",202,190,214,84,160,41,87,136,20,137,18,2.32346241457859,0.0154988207435482
"15260","PAG1",6874,7146,10869,4694,6328,2157,2056,3125,2345,6620,3412,2.18580776058838,0.014919564866753
"15274","PAK2",13624,8600,14099,10749,14596,9478,5996,12508,9712,8962,6839,1.3833367604449,0.0495769884853812
"15275","PAK3",4285,3733,2478,2311,3365,1432,1206,1958,1357,2913,2568,1.69725380444289,0.0227707649106728
"15336","PARP11",1503,1172,1813,1253,1735,1076,714,1200,1025,934,700,1.58810408921933,0.00789182931534852
"15337","PARP12",470,449,710,296,406,233,144,341,429,238,181,1.78620689655172,0.0383073906519915
"15338","PARP14",3727,3424,3022,2878,4660,2111,1580,2812,923,2410,1406,1.89051770147661,0.00387069823601681
"15346","PARP9",3003,1996,2348,2023,2265,1937,783,2359,1246,1616,806,1.59620441294158,0.0233295983429998
"15405","PCDHA1",79,50,91,71,40,19,29,53,49,27,35,1.87358490566038,0.0263408460785623
"15434","PCDHB5",1213,1214,715,921,1061,274,566,62,124,208,510,3.5256880733945,0.000315851495414045
"15448","PCDHGA7",801,314,327,1109,1363,9,169,60,18,72,582,5.16131868131868,0.0353926594018901
"15455","PCDHGB5",523,251,154,145,243,77,117,33,63,58,29,4.18885941644562,0.0417477510898543
"15485","PCNXL2",2722,2021,1799,2220,2609,1308,1235,1446,1476,1669,1939,1.50393475146038,0.0077054774119742
"15524","PDE10A",10179,4978,7963,7020,10356,3712,3928,4972,5490,5817,3546,1.76935008192245,0.0212476370962008
"15526","PDE12",2420,1666,3450,1931,2313,1396,862,2585,1139,1441,1178,1.64352982211371,0.0456824417000628
"15678","PGAP1",8482,5256,9495,6205,9295,3658,4005,4869,4709,6639,4722,1.62504719949654,0.0207586078385089
"15730","PHF16",647,541,926,424,581,313,310,489,371,471,324,1.64302019315189,0.0402812910200442
"15734","PHF20",4097,2658,4165,2735,3315,2238,1478,2891,2494,2412,2922,1.41073779009352,0.0370544297090696
"15742","PHF6",6006,3549,7276,4957,5820,3526,1997,5495,4298,3953,2314,1.53498586850762,0.0440394534800406
"15750","PHKB",4093,4790,7234,4760,5593,4305,2012,5551,3450,3415,2379,1.50454717696097,0.0436255158423941
"15830","PIK3R3",7898,5374,9224,5550,5840,4125,2716,6656,3398,4105,3996,1.62678828612578,0.0249752397902929
"15982","PLEKHA8",3365,1852,3330,2237,3232,1815,1409,2706,1816,1969,1196,1.54149023920814,0.0353290601368404
"16031","PLS1",179,92,132,105,132,88,45,67,116,105,52,1.62367864693446,0.0321869249659557
"16043","PLXNA2",5957,7959,6394,4253,3555,1496,1910,2774,2661,3823,4411,1.97608199121523,0.019820717077317
"16061","PMFBP1",154,102,125,109,139,73,94,45,116,71,35,1.73917050691244,0.00759861020149529
"16076","PMS2P5",242,142,163,182,197,134,107,136,141,140,151,1.37354758961681,0.0377686891330428
"16088","PNMA2",23396,15372,23584,14793,18556,10091,6066,13024,15378,11973,17460,1.55207590009731,0.0248052935627775
"16099","PNOC",345,606,383,369,256,139,141,163,16,127,291,2.68050171037628,0.00900646710472327
"16116","POC5",626,420,833,432,462,312,212,378,444,299,310,1.70209718670077,0.040791900905368
"16175","POLR3G",181,208,253,199,187,154,119,168,185,146,185,1.28902821316614,0.0224758886844762
"16224","POU3F2",9544,5425,6510,8161,8593,5038,4119,6560,6756,5513,4673,1.40480725068128,0.0390296142032429
"16226","POU3F4",1080,1376,1989,871,952,570,287,34,1070,667,709,2.25400059934073,0.024892738301166
"16236","POU6F2",135,115,126,58,138,30,51,6,41,50,68,2.79024390243902,0.00398559570664536
"16438","PRDM4",2950,1797,3012,2316,2780,1842,1020,2595,1937,1581,1346,1.49462261408778,0.0260461268157901
"16452","PRELID2",113,97,120,98,145,41,19,19,30,98,29,2.9135593220339,0.000830983667012151
"16712","PSMD5",2325,1280,1777,1396,1948,755,347,1340,239,1373,685,2.20958008018569,0.00673543782768632
"16735","PSTPIP2",235,202,262,231,222,180,139,183,181,239,119,1.32795389048991,0.0202411496529187
"16786","PTP4A2",17547,11663,17186,13140,17451,12522,5091,15136,11714,9705,9488,1.45130702526078,0.0304234264192986
"16788","PTPDC1",917,711,679,602,906,491,433,674,570,647,387,1.42973141786384,0.0203360848025929
"16833","PTPRZ1",50808,27104,31908,43415,52227,20474,16237,31859,29520,33715,23061,1.59204990120491,0.0355319134068659
"16846","PUM1",18173,12883,18716,12816,15370,12977,6823,16525,12120,9891,8008,1.4100687326661,0.0425050470413242
"16848","PURA",1582,1269,2004,1739,2423,1550,679,1627,1483,1073,833,1.49349896480331,0.0464842923992268
"16854","PUS7",341,225,465,347,379,185,138,284,259,258,202,1.59004524886878,0.0240156708359267
"16855","PUS7L",1266,809,1364,976,1537,670,626,987,690,1076,645,1.52160204516404,0.0342040039345145
"16898","QKI",74018,46029,77328,73529,93973,52053,27203,64335,68154,47752,30265,1.51107598649926,0.0422672908695798
"16920","RAB11FIP2",5410,4045,7255,4801,6333,3156,1847,4586,3402,5155,2757,1.59846911926518,0.022593336893331
"16941","RAB27B",1889,1378,2137,924,675,249,271,265,437,1115,834,2.65014191106906,0.0310445166820876
"17046","RALGAPB",7742,5589,7813,5601,7952,5660,3299,6963,4903,5208,3127,1.42786008230453,0.0303985342849571
"17049","RALGPS2",14431,8864,12604,7054,11463,8868,4061,9353,8854,6199,2652,1.63301072848676,0.0407630761478236
"17058","RANBP17",372,229,471,393,438,226,235,334,227,313,227,1.46197183098592,0.041726386065364
"17118","RASSF10",1209,1009,632,643,658,380,380,556,665,339,694,1.65268745852687,0.048851928522889
"17136","RBBP5",2104,1531,2007,1883,2507,1585,888,2006,1692,1577,1211,1.3437213974774,0.0486105436526221
"17147","RBL1",384,311,530,496,533,263,209,330,314,291,310,1.5753057658707,0.0165166396887882
"17152","RBM12B",3859,3238,3687,2913,4380,2886,1803,3410,2630,3100,2891,1.29739234449761,0.0380600037134654
"17166","RBM26-AS1",414,338,348,309,500,252,210,346,232,272,162,1.55413839891452,0.0131952356157639
"17177","RBM43",1987,1142,1547,682,915,502,464,497,82,935,277,2.730359085963,0.0223518171411394
"17326","RFX7",6115,4271,5933,4700,5869,3419,2995,5197,3697,3591,2045,1.54056531703591,0.00841310815901812
"17344","RGPD1",19,6,1,21,9,15,22,28,69,34,34,0.332673267326733,0.0333701089591702
"17406","RHOU",1665,1465,1681,734,797,162,341,384,337,1366,930,2.16204545454546,0.0397751341546979
"17484","RNASEL",986,546,703,367,630,135,168,479,149,267,310,2.57188328912467,0.0133375063622725
"17557","RNF224",49,31,3,23,31,47,66,64,138,38,86,0.374487471526196,0.0258468486432833
"17602","ROCK1P1",156,54,134,96,153,67,40,51,19,55,87,2.2307210031348,0.0235783172717961
"17604","ROD1",12367,11239,9762,6578,9524,3697,3275,7283,6166,7762,4862,1.79645937358148,0.00761372759237641
"17630","RPAP2",1003,645,882,894,1033,659,603,848,780,676,400,1.34856278366112,0.0363687634150799
"17650","RPL13AP20",10,10,13,14,15,8,8,9,9,12,10,1.32857142857143,0.0392105842460711
"17704","RPL41",9395,7317,11039,9057,10481,7822,2974,9371,7221,4660,7461,1.43630058973905,0.0356145984879758
"17709","RPL7L1",2539,1915,2148,2236,2562,1619,834,2530,1747,1561,1165,1.44670050761421,0.0311405047019217
"17825","RSC1A1",190,131,186,123,197,105,56,121,131,91,52,1.78489208633094,0.00749972150974861
"17866","RTTN",578,474,826,578,706,567,342,514,485,505,334,1.38128867855843,0.0465145995307214
"17980","SASH1",4538,4196,4524,3616,4797,3216,1868,4808,3704,3228,2002,1.38134494847551,0.0458183484597045
"17987","SATL1",53,39,37,21,22,9,7,10,16,8,21,2.90704225352113,0.0156534688338805
"18067","SCIN",69,92,169,175,82,80,31,78,26,40,7,2.68854961832061,0.0271165958631205
"18177","SECISBP2",2392,1765,2606,1828,2211,1702,1033,1907,1847,1249,1617,1.38561197220738,0.0218779214394577
"18192","SELRC1",1675,947,1649,884,1005,685,496,749,620,671,1145,1.6930829134219,0.0437318253072749
"18278","SERPINB1",311,107,232,169,282,94,68,98,60,52,210,2.27010309278351,0.0268385019600029
"18307","SESN1",1978,1708,2422,1611,1803,1291,788,2077,1572,1346,870,1.43836858006042,0.0399476114370896
"18312","SETBP1",11348,15483,14603,6938,6673,3881,4671,4919,4182,8294,3406,2.250332163663,0.0260001927850544
"18381","SGMS2",708,657,1168,453,712,475,212,748,442,362,155,1.85363408521303,0.048653192695872
"18392","SGTB",4305,1769,4227,2720,3733,1827,1272,2093,2481,2262,1866,1.70365223286162,0.0435809943476252
"18426","SH3PXD2B",18548,21496,18132,14236,14925,14702,7233,15198,11925,10493,11244,1.48039268309909,0.0117057194160281
"18441","SHC3",8200,6774,8863,6307,7188,7077,3879,5178,4157,4109,4479,1.55124484919838,0.00355110908421694
"18535","SKIV2L2",4556,2872,5382,3280,4354,2686,1630,3881,2912,2737,1734,1.57463414634146,0.0304932582531308
"18557","SLC11A2",7155,4249,6198,4412,5451,4147,2323,4359,4006,3553,2518,1.57648521955419,0.0175144671145965
"18569","SLC13A3",453,450,393,212,269,121,113,146,262,200,353,1.78443514644351,0.0361487743090098
"18571","SLC13A5",52,36,36,62,78,15,25,12,24,33,43,2.08421052631579,0.0226939454336707
"18617","SLC22A1",35,35,23,21,21,22,21,21,18,9,13,1.55769230769231,0.0427172218869553
"18630","SLC22A23",7168,8298,8233,4920,4808,3266,3005,2709,3335,5661,4308,1.80005385029618,0.0137614750108404
"18779","SLC36A1",1636,1048,1883,1073,1547,724,667,707,498,1054,1368,1.71869270625747,0.0202787004056626
"18832","SLC46A3",166,285,301,140,213,105,81,197,67,185,71,1.87818696883853,0.0321547093398187
"18845","SLC4A8",3329,1805,2663,2022,3074,1247,1064,1070,1077,1792,2501,1.76798080219403,0.0176144172578827
"18866","SLC6A15",3038,1335,4389,1784,2468,496,782,586,1037,2209,1613,2.32289156626506,0.047739540855444
"18885","SLC7A2",5122,4932,4920,1934,2805,2385,1390,3134,2151,1783,582,2.07051203501094,0.0330038848212077
"18931","SLFN13",9,93,115,89,121,45,13,28,37,21,8,3.37105263157895,0.0376430286181165
"18933","SLFN5",498,602,553,678,1149,272,137,419,330,594,81,2.27823240589198,0.0264303057582649
"18993","SMCHD1",8742,5505,8175,5980,8942,4989,3141,6851,5979,5793,2981,1.50712315867357,0.0299519313391458
"19006","SMG7",8792,4689,9434,5568,6998,5137,3285,6591,4448,4079,3695,1.56332660179916,0.04622505069165
"19155","SNORA51",12,6,2,5,10,18,12,13,20,8,15,0.488372093023256,0.0173382069615883
"19489","SNTG1",463,443,440,450,547,237,209,177,356,302,548,1.5372334609076,0.030495382978719
"19548","SORD",1033,685,1017,773,1059,517,246,990,656,659,671,1.46573950254079,0.0460644791016899
"19570","SOX5",2268,3131,2416,2101,3064,1402,1001,1731,1614,1995,841,1.81453867660764,0.00269652245171601
"19572","SOX7",33,43,40,24,36,22,25,28,25,19,24,1.47692307692308,0.0219109658381759
"19575","SP1",6675,4982,5154,5147,6928,4727,3285,5511,4567,4046,2743,1.3932714337393,0.0222208512145512
"19577","SP110",165,323,351,192,238,91,93,158,135,169,106,2.025,0.0201182092067157
"19585","SP7",8,8,6,4,2,6,10,10,15,8,18,0.501492537313433,0.0329244852899632
"19673","SPG11",5618,4907,6152,4904,6683,4774,2499,6254,3350,4102,2152,1.46629198910553,0.0371265291596056
"19702","SPINT1",97,112,141,90,61,21,13,101,41,100,32,1.95194805194805,0.042956079278367
"19727","SPRED1",6217,5089,8408,7461,10066,4243,2671,7227,4495,4895,3343,1.66291582942621,0.0252736183057459
"19744","SPRY2",3056,4418,6176,3382,3340,1898,1358,3041,2478,2440,2566,1.77392061533996,0.0326280141177733
"19746","SPRY4",1853,1655,1587,1872,1811,1411,1183,1985,1049,1061,1432,1.29708164019209,0.0373578237632197
"19761","SPTBN5",70,46,44,42,41,89,124,200,83,49,101,0.451393188854489,0.0366343866523633
"19770","SQRDL",295,186,324,178,348,75,56,249,56,215,74,2.20303448275862,0.0179246671551935
"19787","SRFBP1",1051,796,1213,833,1069,833,450,1004,835,623,555,1.38474418604651,0.0405250815814852
"19831","SRXN1",2271,1743,1849,1454,1723,1251,646,1589,1176,980,1589,1.50020744018808,0.014326465483767
"19900","ST8SIA1",8182,6578,8450,4962,6066,4231,3194,4049,5080,5967,4834,1.50194114421495,0.0211023893555407
"19914","STAG3L1",16,12,11,31,18,99,124,213,364,58,97,0.110575916230367,0.0276566780158931
"19941","STAT6",497,541,473,780,762,180,219,539,237,530,484,1.67364093193239,0.0306993066546492
"19947","STC2",517,935,719,1117,1053,294,226,842,299,559,472,1.93506686478455,0.0193472411286198
"19969","STK32A",322,73,273,177,177,64,78,50,42,179,56,2.61492537313433,0.0400115959706458
"19978","STK4",3575,2776,4063,3263,3814,2817,1676,3562,3084,2344,1683,1.38396413029144,0.0336821252088075
"20031","STXBP5L",978,402,702,453,707,184,394,222,306,485,393,1.96088709677419,0.0334692208186348
"20092","SUSD5",325,264,703,245,381,79,77,214,109,97,77,3.52465543644717,0.0277581281668085
"20140","SYNJ2",682,1198,1009,1013,1239,314,421,1038,390,640,255,2.01739699149771,0.00837542845698964
"20154","SYT1",10220,6465,12051,5703,9737,1881,2578,2626,3889,5860,8481,2.0940628086115,0.0179470807985973
"20189","TAB3",3985,2101,4054,2230,3273,1933,1479,2425,2094,2306,1581,1.58839059062447,0.0469319630955952
"20237","TAMM41",380,294,435,324,341,271,208,326,325,206,222,1.36636713735558,0.0199212051588563
"20241","TAOK1",25217,15623,25527,19360,30049,16311,8491,20707,14934,17039,8190,1.62166402091699,0.0254557945482602
"20400","TCF4",16478,17395,23087,12457,21645,8174,7073,16733,9645,14453,8993,1.67931029183507,0.0168182580687272
"20566","THAP6",689,446,694,533,708,457,383,560,450,451,286,1.42404329339003,0.0235803759169822
"20622","TIGD6",660,465,645,390,574,435,235,570,421,317,307,1.43579868708972,0.0459954017699148
"20719","TMCC1",7953,5469,7230,6161,7601,4587,3090,6172,5043,4603,4278,1.48694055377525,0.00590422628437189
"20728","TMCO7",933,684,1217,945,1053,737,444,900,664,610,707,1.4274741506647,0.0280831432953977
"20775","TMEM131",5339,4038,5992,3873,5119,3859,2233,5053,3715,3797,2221,1.40019158923269,0.0450587911966906
"20816","TMEM168",2103,1533,2520,1372,1941,1184,923,1798,974,1362,963,1.57729039422543,0.025356791797261
"20819","TMEM170A",1333,905,981,1091,1444,859,540,1150,1021,718,472,1.45058823529412,0.0410300397912973
"20877","TMEM217",115,185,176,139,89,49,41,95,75,79,57,2.13333333333333,0.0104720061006475
"21030","TNFRSF10D",452,416,329,431,534,98,80,260,47,188,157,3.12578313253012,0.000137012221442212
"21063","TNIP3",38,20,29,16,24,9,5,14,4,11,7,3.048,0.00788724495662876
"21066","TNKS",18242,11013,18410,12107,15983,9089,6634,12244,8857,10993,7229,1.65145514660466,0.0132657964360716
"21082","TNPO1",17730,10477,20170,13537,18922,9561,5792,14837,11162,12566,7199,1.58717214522964,0.0305043226185331
"21143","TP53RK",1966,1570,2366,1924,2505,1413,588,1627,1371,1142,1440,1.63529877324891,0.00640895365209464
"21207","TRAF5",1112,1147,1190,1025,1476,719,591,1357,930,929,472,1.42857142857143,0.0442719790443153
"21250","TRIB2",18903,11689,20011,10119,9901,8667,5653,10989,8251,8849,6120,1.74632899915514,0.0493878436158973
"21255","TRIM13",3672,1997,4208,2688,3202,1956,1584,2448,2678,1858,1943,1.51763856581375,0.0455835468619113
"21315","TRIM66",2478,1847,3686,1814,2248,1098,1634,1247,1418,1394,1437,1.76076810889645,0.0361069488486024
"21346","TRMT5",2085,1486,2685,1836,2267,1436,910,2142,1599,1387,901,1.48427462686567,0.0380481259484877
"21358","TRPC1",1319,762,1240,795,1017,599,499,731,835,767,638,1.51378717129516,0.0329232641693229
"21373","TRPM8",27,20,49,28,37,10,6,12,10,23,18,2.44556962025316,0.0144938869380878
"21374","TRPS1",6186,5007,4006,3421,5542,2477,2644,4754,1823,4586,1423,1.63745411419213,0.0356197663208167
"21386","TSC1",6378,4652,4467,3906,5181,4287,2876,4313,4107,3579,3077,1.32653446647781,0.0439734292803933
"21488","TTC3",72653,41970,73117,40496,61902,41043,24865,48340,40384,41596,29937,1.53943183074304,0.0440331813789429
"21530","TTPAL",2396,2058,3283,2075,2488,1905,1155,2118,1782,1528,1975,1.41068527191054,0.0302936620581398
"21641","TXNRD1",11089,6401,8783,10323,12503,7902,3348,8916,6689,5976,7258,1.46969991768315,0.0437554154641873
"21655","TYW1B",399,512,514,570,681,443,135,167,502,110,101,2.20246913580247,0.00958053890772562
"21675","UBAC2-AS1",107,101,126,100,110,71,38,90,90,69,77,1.50068965517241,0.00411542541650057
"21748","UBR1",4717,3210,3929,3981,5105,2946,1901,4463,2896,3240,1636,1.47116262732701,0.0324227156020284
"21893","USH2A",36,48,40,49,44,19,46,19,41,26,13,1.58780487804878,0.0310213152442704
"21915","USP24",8063,4160,7202,5142,7670,4391,3327,5956,4316,4618,2632,1.53266244057052,0.0414856891503367
"21936","USP44",109,47,74,83,127,75,40,31,12,45,41,2.16393442622951,0.0234988894556977
"22069","VPS33A",1812,1203,2286,1362,1648,1248,638,1551,1208,906,1122,1.49456016784055,0.0451854400214424
"22078","VPS41",9128,7538,12130,7374,9131,6994,3444,9514,6851,6205,4670,1.44278358723924,0.0472988748201339
"22108","VTI1A",1840,1545,1603,1587,2171,1624,945,1693,1378,1300,730,1.36834419817471,0.0386412010629145
"22151","WBSCR27",84,56,53,32,43,35,8,15,49,5,37,2.15838926174497,0.0340456896054214
"22180","WDR4",710,644,767,570,621,597,399,636,518,432,618,1.242,0.0393072830916199
"22205","WDR67",465,360,553,402,588,274,229,441,468,328,259,1.42151075537769,0.043180632124408
"22350","XPO1",15744,9323,17594,12414,15948,9129,5484,13356,11413,9608,6981,1.52270997480838,0.0323264610507721
"22366","XRRA1",805,717,592,594,892,670,377,572,411,347,236,1.6532721010333,0.00988876110234763
"22367","XYLB",157,159,246,84,118,69,69,56,90,87,81,2.0283185840708,0.0446332276531831
"22373","YARS2",862,526,1146,765,959,551,365,816,563,455,546,1.5502427184466,0.0413241247848503
"22378","YEATS2",6695,4956,4874,4936,5892,4252,2671,5377,4916,3939,4294,1.28977955911824,0.0431291431387991
"22394","YOD1",2174,979,1952,1288,1773,1039,623,1351,1279,1034,813,1.59622088287995,0.0477072267682345
"22406","YTHDF3",9226,5962,11164,6491,8675,5643,3576,7923,6102,5488,3804,1.53127612490779,0.0390868730548264
"22427","ZBED4",4312,3422,3464,3352,4002,2936,2180,3260,3523,2365,2198,1.35235086866723,0.0110924827710315
"22446","ZBTB33",5435,3463,6641,3580,4854,3474,1756,4589,3199,3222,1551,1.61697487493677,0.0416030873701352
"22450","ZBTB39",2363,1612,1833,1629,2243,1536,1054,1914,1623,1102,1122,1.3909711411807,0.0311945580728597
"22487","ZC3HAV1",2448,2309,3243,1988,2666,1883,1035,1945,1574,1728,1473,1.57551359203154,0.00745846070920869
"22495","ZCCHC14",7486,5015,6989,5274,6578,4994,3244,4683,5459,4183,4692,1.37994496422675,0.0196295574821903
"22571","ZFP90",3542,2624,5093,3022,3645,2293,1977,3008,2667,2373,1610,1.54445720850086,0.0359857504943236
"22587","ZFYVE26",3456,3666,3910,2797,3316,2967,1937,2985,2889,2233,2024,1.36840705021616,0.00845784238415693
"22598","ZHX3",5306,3709,3261,3212,4107,2824,2415,2747,2895,2354,3215,1.42942249240122,0.0340228320044471
"22604","ZIK1",1051,652,810,776,959,602,374,867,787,524,308,1.47244367417678,0.0416188259828951
"22620","ZMYM1",1270,958,1739,1062,1437,768,577,1277,1063,899,616,1.49215384615385,0.0425548844809882
"22621","ZMYM2",9884,5758,8983,8247,10532,5836,4634,8477,7411,6339,3720,1.4302331328775,0.0424014603008016
"22634","ZNF10",1316,674,1761,919,1325,561,475,823,820,680,587,1.82311201216422,0.0416571462116046
"22642","ZNF124",235,142,356,219,215,68,141,105,130,129,93,2.1027027027027,0.0209780215564323
"22646","ZNF134",1527,1098,1490,954,1313,966,599,1370,1036,755,674,1.41822222222222,0.0439646377388137
"22648","ZNF136",1361,793,1178,824,1056,579,541,1005,955,698,563,1.44077401520387,0.0475134721568468
"22652","ZNF140",1610,986,1761,1255,1283,1100,760,1040,1179,827,819,1.44524017467249,0.0331251026170163
"22662","ZNF160",2252,1453,1940,1747,2182,1173,1059,1733,1507,1393,898,1.4799433208811,0.0114236787418136
"22666","ZNF17",954,614,804,553,662,485,420,605,670,479,383,1.41499013806706,0.0431637380490361
"22677","ZNF189",2581,1616,2542,1882,2473,1441,1196,2117,1903,1435,1132,1.44327840416305,0.0272761310544579
"22705","ZNF227",1720,1158,1303,1117,1425,945,872,1123,1253,788,771,1.40257301808067,0.0216331730800187
"22717","ZNF248",3845,1677,3549,2241,2779,30,1586,1443,2160,1922,1291,2.0053605313093,0.0234946506547762
"22722","ZNF253",836,618,1185,681,1047,562,463,553,550,638,366,1.67318007662835,0.0273051399837157
"22723","ZNF254",2584,1491,2669,2120,2493,1367,1377,1962,2271,1643,1069,1.40658478687171,0.0468265187308635
"22727","ZNF26",736,412,777,580,794,408,413,516,593,422,329,1.47661320402835,0.0399072470065195
"22728","ZNF260",4042,2453,5399,3250,4114,2482,1462,3389,2374,2844,1684,1.62343519494204,0.037551570043446
"22734","ZNF271",3174,2083,3632,2629,3351,1948,1459,3018,2330,1829,1557,1.46963182604398,0.0296057220198195
"22743","ZNF280C",560,434,491,512,706,355,350,435,489,411,292,1.39090909090909,0.0269488979434851
"22747","ZNF283",658,450,682,413,596,217,357,579,464,323,335,1.4763956043956,0.0398989927768576
"22758","ZNF300",2024,1026,2075,1089,1346,557,581,1175,617,1158,785,1.86168684588549,0.0328387564138911
"22767","ZNF320",2700,1724,3479,2220,2519,1598,1181,2024,2053,1392,1802,1.50949253731343,0.0389067621384823
"22789","ZNF35",730,565,742,579,768,414,371,521,550,430,261,1.59434628975265,0.00257628401681589
"22796","ZNF365",560,412,817,376,514,165,215,385,229,384,401,1.8070826306914,0.0339840549191116
"22799","ZNF37A",3260,2094,2202,2345,2967,276,1974,1117,1992,1814,1388,1.80371451933185,0.0102108211512932
"22821","ZNF415",1467,682,1085,832,1194,505,425,1023,697,550,475,1.71755102040816,0.0314808409365516
"22827","ZNF423",3469,5980,6934,4178,3797,1544,1652,3852,2473,3117,2342,1.95124165554072,0.0200033502786396
"22829","ZNF426",875,757,932,652,825,525,399,778,631,514,251,1.56526791478373,0.0105423388589706
"22834","ZNF431",1488,876,1210,1106,1430,684,710,853,1167,808,622,1.51362510322048,0.0173887214502454
"22836","ZNF433",445,323,307,358,422,236,247,317,286,330,277,1.314825753101,0.0266823265982348
"22839","ZNF438",382,326,415,253,367,142,161,333,242,256,236,1.52671532846715,0.0143688187407932
"22841","ZNF44",634,469,604,420,481,398,375,424,441,350,260,1.39217081850534,0.0201033675020977
"22852","ZNF454",338,270,229,237,183,59,88,126,94,228,135,2.06630136986301,0.00531829926295086
"22867","ZNF484",881,502,813,830,1215,491,391,733,585,584,265,1.66913742210561,0.0381215811067091
"22868","ZNF485",151,104,123,97,139,55,72,78,96,108,116,1.40342857142857,0.0326698781689072
"22873","ZNF491",366,270,426,265,340,164,239,193,357,249,210,1.41671388101983,0.0410911933060524
"22883","ZNF506",2018,1084,1699,1407,1823,883,997,418,1102,996,926,1.8108229988726,0.00764499172606396
"22884","ZNF507",3286,2142,2553,2260,3330,1787,1591,2356,2475,1754,1648,1.40256653173715,0.0344070476912615
"22894","ZNF518B",1566,1367,2564,1219,1723,643,741,1569,625,1301,895,1.75386214063041,0.0365181502251022
"22895","ZNF519",597,349,716,422,644,250,349,325,385,420,323,1.5953216374269,0.0389159318516931
"22898","ZNF525",354,247,516,224,321,144,155,180,147,143,116,2.2535593220339,0.0221662526270075
"22915","ZNF549",1637,1079,1362,1150,1409,919,766,1123,1053,868,844,1.42910461151983,0.0114831606832418
"22917","ZNF551",737,749,761,502,566,372,452,455,524,382,312,1.5931117340809,0.00616882289111861
"22928","ZNF562",3080,2265,3434,2508,2417,1130,1746,1830,2354,1945,2349,1.44837061828431,0.0180234076481259
"22934","ZNF568",1147,759,1027,848,1173,513,530,767,953,701,644,1.44712755598832,0.0192551462521619
"22939","ZNF572",119,80,81,48,75,27,47,55,57,62,31,1.73333333333333,0.0364840596960778
"22945","ZNF578",532,456,555,511,675,222,264,326,135,537,304,1.83154362416107,0.00523440084218586
"22953","ZNF585B",1637,980,1274,1146,1707,809,843,717,1114,927,818,1.54797245600612,0.0233920462821907
"22954","ZNF586",668,456,520,541,524,339,476,504,517,409,242,1.30711700844391,0.0493417341954638
"22959","ZNF594",1105,887,1340,859,1043,627,690,869,677,733,530,1.5222491517208,0.0100340461618646
"22962","ZNF597",289,211,206,221,262,102,93,319,128,139,52,1.71284513805522,0.0497346933032336
"22967","ZNF606",2472,1483,2323,1801,2443,1438,1115,2102,1961,1277,1079,1.40731163620152,0.0488189810379082
"22976","ZNF616",947,580,889,574,860,487,325,685,504,504,396,1.59255429162358,0.0192814291570972
"22977","ZNF618",7587,5639,7133,5479,6130,3764,3531,5574,3680,4281,4280,1.52774193548387,0.0029174957057096
"22982","ZNF623",2225,1724,2364,1652,2071,1690,918,2083,1402,1416,1619,1.3193689745837,0.0458070496877716
"22984","ZNF625",298,228,162,250,289,142,171,213,189,170,122,1.46216484607746,0.0301797061494722
"23023","ZNF677",384,227,359,319,357,201,134,117,87,270,160,2.03839009287926,0.00191593532480198
"23028","ZNF682",400,278,503,330,317,208,208,246,279,247,266,1.50866574965612,0.0329958983362424
"23053","ZNF708",1795,1136,2155,1492,2089,1096,849,1509,1294,1307,1089,1.45582306830907,0.0435197854866437
"23070","ZNF736",255,379,462,377,442,22,33,234,208,413,192,2.08529945553539,0.0204519646896785
"23071","ZNF737",1197,1136,2299,1647,1938,619,901,896,1173,1217,1220,1.6363093262529,0.0410563166211164
"23098","ZNF778",1125,827,1035,632,948,621,443,736,586,749,761,1.40667351129363,0.0347057502834944
"23099","ZNF780A",2471,1326,1762,1624,2472,1430,850,1816,1432,1236,754,1.54110135674381,0.0455996587370962
"23100","ZNF780B",3380,2042,2476,2357,3019,1509,2100,1676,2124,2004,1147,1.50840909090909,0.0166468372590483
"23108","ZNF788",354,361,605,326,402,145,185,133,232,255,250,2.048,0.010366808227072
"23114","ZNF793",2521,1473,2841,1656,2297,1292,1529,1564,1173,1405,1726,1.48988376107722,0.0493341274022934
"23144","ZNF84",7177,3498,6789,4582,6242,3120,2921,4360,4384,3686,2905,1.58802395209581,0.0364476190497941
"23147","ZNF844",758,590,919,593,675,356,342,416,349,567,298,1.82216494845361,0.0032281353207604
"23148","ZNF845",728,473,664,399,566,306,229,585,452,348,266,1.55352241537054,0.0355195092976505
"23213","ZSWIM6",5215,4300,4808,4451,5247,3784,2156,5636,3560,3442,2472,1.36936817102138,0.0494713269242542
"23219","ZXDA",740,342,716,363,717,2,329,34,4,361,316,3.30172084130019,0.00865072725702849
"23220","ZXDB",2306,1192,2689,1412,1925,1145,712,1653,1221,1225,819,1.68690774907749,0.0461225448549054
