"","GENE_ID","A_58a","A_117b","A_282a","A_285b","A_483b","A_689b","A_755a","A_L8a","A_L10a","B_99b","B_107b","B_139a","B_292b","B_317b","B_365a","B_L7a","B_L9a","B_pyauma","FoldChange","p.value"
"53","ENSG00000004487",200.95,175.76,237.92,289.53,208.97,253.1,149.46,246.77,276.96,123.08,190.13,166.56,241.14,136.6,229.35,169.76,214.96,165.79,1.24554621130227,0.0450852902399074
"232","ENSG00000009307",456.93,375.86,417.43,568.29,467.69,352.97,408.4,474.86,461.75,252.8,391.63,363.06,433.88,361.05,447.11,375.37,398.72,403.93,1.16239879797523,0.0442648614218987
"451","ENSG00000025796",113.07,100.84,95.35,107.93,95.05,102.77,111.89,95.39,94.93,70.07,95.73,89.76,84.79,87.1,97.94,92.07,111.93,92.31,1.11624680540343,0.0329816021425942
"474","ENSG00000028839",78.25,54.61,54.11,80.86,103.31,81.61,54.7,77.19,65.61,40.51,55.42,54.24,64.53,47.39,67.56,51.68,52.35,80.07,1.26569343065693,0.0412850233192239
"506","ENSG00000033800",34.08,32.26,32.56,44.98,34.62,21.87,29.44,31.09,35.58,15.74,24.39,26.44,30.28,19.94,33.52,26.52,28.18,29.26,1.26554829897127,0.0216711268116878
"511","ENSG00000034510",2568.05,3809.85,4189.08,1880,3977.03,3897.23,3084.41,3893.77,2259.38,6908.73,5164.4,4323.62,3333.51,6627.32,2589.71,6204.61,4161.9,4021.08,0.682101808058543,0.0204301470614778
"526","ENSG00000035928",60.15,76.85,61.12,89.55,69.63,61.4,76.48,66.43,75.67,57.19,58.41,67.68,72.5,54.29,70.49,40.13,64.69,43.24,1.20555408421929,0.0288766591217293
"556","ENSG00000039123",67.13,56.77,67.49,77.66,77.22,47.35,61.96,65.25,72.23,31.75,47.95,54.32,59.16,61.28,58.2,54.95,48.31,56.4,1.25563177506775,0.00782375249201786
"613","ENSG00000046889",8.32,7.84,4.27,10.36,3.17,7.12,7.86,5.92,8.76,4.78,3.19,5.6,4.31,6.31,7.13,2.85,4.04,1.42,1.60534948271511,0.0140062898407331
"621","ENSG00000047410",79.23,88.03,127.39,79.34,89.86,128.79,97.29,89.14,97.28,65.73,80.76,80.78,84.15,57.39,84.41,63.88,85.79,83.68,1.27641755392749,0.0114667488855438
"712","ENSG00000053501",13.73,17.94,21.72,8.75,18.1,14.23,15.56,17.67,16.13,28.98,29.43,18.67,20.06,15.44,14.94,18.75,26.42,17.64,0.755687490148689,0.0368249533024441
"768","ENSG00000057019",61.62,54.27,39.44,92.15,60.79,44.75,56.66,55.14,72.65,30.05,37.8,47.24,50.14,52.35,62.61,33.49,44.55,47.31,1.32531932731666,0.0323004169060519
"779","ENSG00000057935",40.65,40.87,31.14,56.97,44.95,39.41,46.79,35.6,45.3,29.4,33.15,38.51,41.88,25.56,46.03,29.45,36.02,31.06,1.22703015495403,0.0304353409665499
"798","ENSG00000059377",4.52,3.22,9.04,10.39,4.11,13.08,4.96,5.2,10.92,3.87,5.78,3.75,5.3,2.71,5.3,4.22,5.19,1.42,1.74320724560469,0.0360646323030396
"802","ENSG00000059691",24.15,21.09,27.61,24.42,21.36,24.36,25.54,27.27,32.76,28.83,37.7,26.43,29.72,26.89,26.04,26.65,32.07,30.03,0.864578604932667,0.033996830917368
"828","ENSG00000061455",0.62,0.49,0.8,0.3,0.35,0.19,0.69,0.34,0.2,0.81,0.18,0.36,0.59,0.61,2.95,1.42,1.71,1.96,0.375826251180359,0.0424840194737264
"851","ENSG00000063046",279.1,305.32,255.11,317.27,266.23,219.59,282.55,262.93,318.36,192.84,236.99,271.89,264.02,221.74,278.44,197.17,244.78,215.53,1.18039935951775,0.0118528011281858
"876","ENSG00000064205",0.55,0.67,1.18,0.39,0.8,0.59,0.49,0.34,0.71,0.28,0.54,0.32,0.3,0.05,0.44,0.28,0.49,0.43,1.82747603833866,0.0112034446428141
"980","ENSG00000066629",46.03,46.88,31.63,57.72,40.28,40.25,57.19,53.76,58.76,36.2,31.58,36.3,54.94,22.21,41.33,25.72,40.21,28.79,1.36314926878467,0.012429417828345
"986","ENSG00000066777",28.76,31.37,30.52,25.94,39.97,36.21,40.04,38.09,27.39,18.49,24.45,27.04,26.7,22.27,31.72,27.21,30.07,28.86,1.25961741480512,0.00921516424937978
"997","ENSG00000067082",35.71,56.1,55.29,28.42,62.52,35.75,60.35,40.72,34.67,67.02,63.46,64.02,48.06,56.68,37.97,75.22,51.26,69.2,0.768507571919158,0.0319219888566653
"1026","ENSG00000067955",25.36,32.72,33.85,28.61,32.91,40.98,41.91,24.34,34.15,27.43,34.07,30.28,25.32,26.49,28.19,26.06,28.67,20.89,1.19171382376718,0.0438895670087115
"1069","ENSG00000069248",49.71,51.05,64.12,49.07,45.1,50.25,57.86,45.61,40.13,30.8,43.96,45.34,40.06,38.31,49.74,38.95,42.25,47.23,1.20247451146984,0.0131958815359951
"1127","ENSG00000070756",575.01,720.66,532.92,856.24,627.93,930.28,732.81,628.47,955.59,447.56,413.81,596.07,674.42,462.48,680.86,446.98,557.77,418.86,1.396079007238,0.00515464248055183
"1140","ENSG00000070961",64.32,65.51,65.17,65.81,89.22,57.23,75.82,64.97,53.73,61.13,72.59,67.95,76.37,92.3,85.3,71.19,96.77,81.64,0.853298167999546,0.0421931012041492
"1163","ENSG00000071794",66.52,49.38,47,84.77,48.15,35.29,47.02,49.82,53.53,27.48,35.41,38.34,52.21,34.31,57.46,38.16,43.13,45.01,1.29600818282146,0.0492915224474433
"1201","ENSG00000072736",20.92,21.77,18.76,28.16,17.39,21.39,26,21.64,27.94,12.69,19.98,18.85,21.09,12.34,21.29,11.92,16.89,11.46,1.3921916592724,0.00392253074788882
"1206","ENSG00000072818",9.56,3.83,2.67,3.41,3.27,3.64,3.3,6.69,5.37,12.9,9.91,5.64,9.71,11.55,5.85,5.13,6.04,7.53,0.56207918125505,0.00899996697403465
"1263","ENSG00000074416",4.43,1.94,4.51,0.83,2.94,1.25,2.9,2.08,0.58,3.71,6.74,3.1,4.82,1.79,1.89,4.14,7.25,3.46,0.581571815718157,0.0481774627306313
"1299","ENSG00000075292",150.38,144.01,140.65,110.19,185.65,196.25,157.69,157.72,131.94,101.97,139.63,120,116.04,139.76,133.51,119.27,124.09,142.08,1.20955691468298,0.0196057062227737
"1326","ENSG00000075884",2.51,2.05,2.91,4.6,3.18,3.31,1.76,1.38,3.33,0.52,3.23,2.13,2.16,1.98,1.36,0.84,1.79,2.53,1.51330108827086,0.043448061907583
"1433","ENSG00000078674",134.21,186.41,124.9,145.59,160.96,172.27,177.9,127.71,134.72,117.32,115.41,151.87,133.34,114.84,129.55,113.28,135.73,130.93,1.19470002713894,0.0158262853843455
"1449","ENSG00000079134",77.43,75.95,93.1,83.97,92.09,101.84,71.75,82.74,81.62,57.08,74.68,68.92,74.28,60.19,86.94,66.95,63.92,87.34,1.18770888645947,0.0133938594358379
"1453","ENSG00000079246",402.07,282.61,308.02,526.11,312.74,363.82,320.31,372.9,473.57,199.25,294.77,258.05,393.7,266.97,412.91,236.9,305.29,310.76,1.25518927798103,0.049866709148001
"1547","ENSG00000081842",2.72,4.35,7.01,1.28,6.13,2.06,4.66,2.27,1.69,5.61,5.42,6.71,2.68,5.54,2.8,6.7,7.54,12.21,0.58268429632313,0.0442470400454745
"1597","ENSG00000083544",25.02,21.62,20.53,22.59,26.14,19.82,21.55,22.56,23.43,14.4,19.1,17.93,16.94,21.31,23.4,18.73,20.12,21.58,1.17145985822143,0.0104436091979018
"1713","ENSG00000087074",25.28,38.13,47.97,21.67,34.06,40.98,30.24,35.72,31.96,47.19,43.3,44.18,46.92,36.83,28.49,53.35,52.7,39.4,0.779921500662657,0.0205993281352309
"1799","ENSG00000088970",19.23,20.36,13.74,40.94,14.83,20.45,12.56,26.8,26.42,12.9,9.17,11.74,14.82,12.5,20.93,9.39,17.35,11.45,1.6243659043659,0.0246328824867714
"1811","ENSG00000089060",3.94,6.19,2.61,5.92,2.47,4.09,5.91,4.54,7.44,3.03,2.64,2.15,3.41,1.13,3.33,3.23,4.53,2.89,1.63667425968109,0.013099616629086
"1844","ENSG00000089682",14.87,15.76,11.85,13.26,18.23,11.54,12.17,14.45,12.47,9.8,9.16,10.17,14.94,8.42,16.45,10.95,10.36,10.29,1.23930773821365,0.0353608180141175
"1861","ENSG00000090060",193.5,182.73,173.22,200.06,219.84,131.64,183.54,177.23,186.87,110.33,177.91,161.57,159.45,169.85,180.3,146.82,166.69,165.54,1.14610764289587,0.0428194378212133
"1963","ENSG00000092201",137.67,135.19,142.14,190.06,130.84,180.29,134.04,145.56,190.36,102.28,138.27,135.67,164.85,108.28,159.6,104.34,128.13,116.64,1.19695870680276,0.0408932682090545
"1969","ENSG00000092377",2.14,1.76,2.93,1.65,2.16,1.09,2.51,3.49,3.22,1.44,1.94,1.48,2.03,0.79,2.26,0.85,1.65,1.11,1.54612546125461,0.0201829366520499
"1981","ENSG00000092847",23.51,20.7,30.96,33.88,21.87,20.99,19.53,32.46,43.44,10.36,21.1,17.34,24.74,12.21,26.18,17.99,24.48,17.1,1.44221574344023,0.0224169634763635
"1989","ENSG00000092978",23.6,19.67,24.35,22.56,23.39,11.8,17.66,22.18,16.53,13.45,10.91,15.59,16.25,17.86,16.03,16.43,15.86,21.25,1.26533454013785,0.0243688764454162
"2038","ENSG00000095752",1.12,1.23,0.82,0.43,0.62,1.84,1.32,0.5,0.4,2.48,1.28,1.64,1.4,4.28,1.86,1.49,1.35,0.61,0.505186089078707,0.038769250991475
"2197","ENSG00000100129",880.64,845.9,754.64,1165.31,888.44,836.27,782.3,793.74,897.81,590.36,789.61,687.36,737.69,656.72,791.53,640.99,617.36,669.94,1.26910520968817,0.00168337653721891
"2301","ENSG00000100417",21.39,25.67,34.39,15.59,22.35,24.98,18.75,26.25,20.11,43.19,40.71,28.16,32.66,22.43,17.51,38.06,42.43,25.64,0.72038240654768,0.0266627526083795
"2382","ENSG00000100796",79.33,98.86,107.06,96.35,102.27,106.25,105.05,103.84,98.35,61.66,88.88,87.99,107.65,79.48,100.31,83.4,89.25,88.52,1.1400259166095,0.0321115194337362
"2383","ENSG00000100802",10.9,9.45,7.4,8.77,7.35,11.31,10.13,13.57,11.07,6.79,9.71,10.39,8.42,6.03,5.32,6.2,7.36,4.01,1.40043593336447,0.00885565102612796
"2397","ENSG00000100888",68.54,77,81.25,67.82,91.24,92.7,86.67,73.25,74.3,40.2,74.5,70.9,79.22,52.01,66.77,62.38,73.52,79.56,1.18981404199913,0.0333877871833529
"2451","ENSG00000101162",0.79,0.78,1.08,0.65,1.29,0.21,0.98,0.7,0.87,1.16,1.19,1.21,1.11,0.7,0.76,1.2,1.42,1.36,0.72700296735905,0.0315482840681593
"2503","ENSG00000101343",32.11,26.68,26.16,26.71,29.74,30.18,26.38,23.03,18.69,19.32,25.31,19.53,23.38,30.4,24.35,20.17,21.33,21.44,1.16786044925206,0.0478271719128541
"2519","ENSG00000101413",40.42,30.28,32.28,46.05,28.95,28.4,40.45,39.15,37.04,22.74,33.4,24.9,28.77,26.4,36.71,29.66,33.06,32.51,1.20462427745665,0.0310084554514576
"2565","ENSG00000101751",79.42,66.9,47.12,71.52,71.96,46.53,71.6,69.19,51.45,58.46,46.08,52.96,37.79,63.78,58.08,49.38,46.79,64.05,1.2059618325408,0.0469149043170042
"2692","ENSG00000102738",40.07,33.32,28.72,42.12,43.52,40.3,37.17,37.22,40.63,26.45,33.34,26.95,29.98,40.29,34.29,36.91,32.87,34.85,1.15929442773629,0.0274055082257718
"2733","ENSG00000102974",51.96,52.18,65.81,60.2,56.98,53.79,42.91,59.42,64.23,39.8,50.96,48.19,59.12,38.09,57.13,48.5,52.42,47.38,1.14921080640413,0.042154968178034
"2812","ENSG00000103415",15.64,20.8,19.88,11.39,19.15,16.37,22.77,15.32,14.83,28.54,25.06,23.38,22.18,30.31,17.39,26.97,20.73,19.37,0.729911653344552,0.00349385887975921
"2840","ENSG00000103599",10.11,10.39,4.44,10.67,6.21,4.11,10.77,7.46,5.96,5.55,3.32,7.79,5.01,5.43,5.75,3.84,5.36,3.11,1.55270150575731,0.019642288717105
"2872","ENSG00000104093",87.11,78.51,85.89,58.46,96.59,54.56,67.85,80.56,68.23,42.05,52.19,66.42,55.13,55.11,65.36,61.43,76.52,79.72,1.22354810174571,0.0396447126042955
"2929","ENSG00000104517",84.6,100.73,84.3,86.08,101.29,99.55,98.91,79.86,79.38,62.85,84.01,89.09,73.42,70.4,87.98,68.79,82.8,77.4,1.16930275282028,0.00850632693482383
"2968","ENSG00000104824",224.44,189.95,233.05,343.2,213.66,309.36,276.54,256.92,293.86,154.41,201.54,198.86,269.9,174.69,263.74,188.7,220.35,197.74,1.25190782542662,0.0244166190413945
"3057","ENSG00000105245",12.5,14.96,23.3,5.09,13.06,9.91,11.66,13.38,16.77,28.31,21.45,22.13,22.82,14.29,10.29,21,17.55,12.86,0.706678383128295,0.0422380146851432
"3093","ENSG00000105388",1.19,0.6,0.32,0.45,0.58,0.45,0.41,0.06,0.41,0.33,0.2,0.29,0.06,0.05,0.36,0.12,0.36,0.2,2.26903553299492,0.0282601730355856
"3114","ENSG00000105483",38.01,52.36,47.69,54.23,28.21,28.49,37.26,40.74,36.66,26.13,33.71,39.37,38.98,26.08,37.44,27.55,32.68,27.85,1.25487421926222,0.0418077658465707
"3200","ENSG00000105849",16.56,11.89,12.59,20.94,12.47,15.6,15.34,12.58,17.76,10.1,8.59,12.05,12.55,10.45,18.12,6.56,10.35,9.27,1.3844349245206,0.0121047271167993
"3224","ENSG00000105968",231.49,380.07,273.21,374.08,339.69,299.25,300.94,268.89,297.79,248.49,252.4,282.48,305.32,220.32,308.83,215.82,233.47,272.88,1.18179409489703,0.033028822188401
"3308","ENSG00000106459",20.87,20,25.55,21.86,22.66,20.92,21.7,26.81,27.6,16.77,25.92,17.13,24.72,16.3,20.25,15.37,18.94,18.78,1.1939947181077,0.0286874952186377
"3393","ENSG00000107175",42.43,47.55,54.49,23.97,43.47,46.77,47.24,48.5,34.71,59.02,54.04,54.21,42.97,48.82,38.9,54.81,56.64,51.25,0.84472278904181,0.0494642364974067
"3412","ENSG00000107371",35.45,30.44,36.57,63.21,38.77,44.21,26.92,54.66,53.19,20.95,20.45,22.36,47.84,28.61,49.01,27.7,26.5,33.86,1.38278995960762,0.0453386549648933
"3484","ENSG00000108055",110.01,98.65,101.79,137.13,100.63,95.62,98.65,107.31,131.64,69.01,95.86,92.1,111.47,75.47,122.66,80.01,86.75,90.45,1.19137391051009,0.0345779692689039
"3489","ENSG00000108100",76.64,74.46,77.27,63.8,76.17,49.37,69.64,63.42,87.88,46.81,58.07,58.31,64.39,61.94,71.63,58.24,67.59,55.2,1.17792983879892,0.0290734847922519
"3616","ENSG00000108984",26.2,18.46,24.07,37.42,13.74,23.45,23.84,18.47,20.77,7.4,20.41,15.05,20.07,20.59,24.47,14.86,14.75,15.76,1.34598330725091,0.0498642558209402
"3673","ENSG00000109519",44.1,29.96,30.88,31.25,33.62,36.72,28.95,29.05,33.36,27.23,25.69,31.37,30.76,27.14,32.03,26.78,26.22,26.19,1.17552582771004,0.0182744421395389
"3914","ENSG00000111642",239.17,246.64,229.96,297.64,213.64,187.47,230.71,243.18,296.09,123.83,208.03,233.11,241.09,141.1,257.93,200.22,214.86,147.5,1.23580758852048,0.0343939263644549
"3925","ENSG00000111671",4.44,2.94,2.26,2.71,2.77,4.18,2.58,4.25,2.81,7.83,4.62,5.18,4.84,4.32,5.29,3.15,5.7,2.19,0.671150278293135,0.0215701974384011
"4012","ENSG00000112167",23.28,16.8,22.33,18.6,27.08,16.78,19.06,20.42,14.57,13.5,15.34,10.37,13.17,12.79,19.46,14.43,18.35,17.1,1.33016132629544,0.00799249667672108
"4056","ENSG00000112365",6.51,6.12,6.02,7.98,6.29,5.84,6.96,5.54,7.48,4.78,6.61,6.03,5.79,4.95,7.25,4.59,5.13,5.42,1.1620178041543,0.0367624845606283
"4161","ENSG00000113269",75.12,86.62,73.51,122.15,83.57,134.54,59.58,90.47,122.45,66.59,63.57,63.72,88.68,47.07,87.89,63,72.88,59.13,1.38443831322547,0.0197000333835162
"4262","ENSG00000114126",69.14,70.04,74.27,164.59,65.55,52.24,68.32,103.57,112.1,48.77,59.17,68.92,64.36,55.26,90.39,36.89,51.38,45.39,1.49812690911187,0.0446048576823705
"4350","ENSG00000114978",45.87,36.66,24.65,55.91,29.88,42.86,38.65,32.08,38.06,24.04,28.1,30.16,38.98,27.64,43.55,19.83,26.63,20.95,1.32607357241804,0.0339652518115354
"4381","ENSG00000115207",64.31,61.54,72.09,71.96,53.05,80.83,60.18,68.23,86.59,50.75,63.58,66.01,72.13,51.75,59.53,51.61,63.05,55.39,1.15919820157362,0.0443668415848317
"4414","ENSG00000115350",62.35,85.8,62.86,65.12,52.92,81.39,72.96,63.94,60.95,116.22,95.24,89.72,75.65,76.6,67.65,73.29,72.77,70.41,0.82474408514677,0.038838042358746
"4446","ENSG00000115524",450.29,502.36,457.18,590.41,554.17,566.73,558.53,493.83,500.53,318.47,462.95,450.14,450.96,464.85,515.73,365.33,453.79,514.89,1.16935235707799,0.0142302956943489
"4512","ENSG00000115970",14.36,19.6,17.98,16.02,20.25,16.48,19.3,20.78,17.17,13.9,14.95,15.35,13.65,12.11,14.85,11.37,23.23,11.06,1.24120487468384,0.027488629882389
"4575","ENSG00000116489",122.34,89.53,74.64,129.69,88.03,108.44,98.87,90.29,101.34,57.38,77.03,78.3,83.42,88.52,117.69,71.27,82.42,75.87,1.23400737805711,0.029433889807543
"4732","ENSG00000117593",18.79,20.93,33.42,33.58,25.42,19.5,26.27,22.78,25.93,15.22,20.3,25.35,19.11,14.98,29.36,16.76,18.54,20.63,1.25725381414702,0.0479681944223861
"4820","ENSG00000118513",6.14,3.98,6.99,7.65,4.26,5.19,2.78,5.21,8.26,3.7,3.43,3.46,5.4,2.97,6.35,2.84,2.66,3.62,1.4655823409817,0.0285920309442622
"4886","ENSG00000119318",114.63,114.27,103.19,153,116.93,133.6,137.07,124.93,160.77,81.6,114.75,115.79,123.67,114.76,134.5,87.01,113.7,110.92,1.16222534363399,0.0495746551025201
"4950","ENSG00000119715",1.86,1.73,3.39,3.19,2.53,2.11,1,4.38,5.82,0.33,3.51,1.06,1.83,0.65,0.57,1.56,2.03,1.34,2.0194099378882,0.028058729773286
"4962","ENSG00000119782",30.48,31.36,43.64,34.49,52.97,33.33,33.61,30.12,21.29,42.7,46.72,38.14,36.3,49.41,33.96,48.58,42.87,60.61,0.779608805629993,0.0279676638407759
"4994","ENSG00000119986",2.21,2.9,1.7,1.4,2.43,2.2,4.46,1.45,1.39,4.71,3.21,3.21,2.74,3.15,1.75,2.28,5.09,4.51,0.657096247960848,0.0335691257681048
"4998","ENSG00000120051",2.2,1.97,0.54,1.21,0.87,0.82,1,1.35,1.68,0.46,1.09,0.91,0.93,0.63,0.87,0.52,0.49,0.58,1.7962962962963,0.01639636395761
"5013","ENSG00000120158",11.19,14.31,9.36,13.83,10.58,14.21,11.45,13.44,16.4,10.48,9.59,10.08,14.86,8.29,12.06,8.24,10.51,9.27,1.22906403940887,0.0320555946702423
"5053","ENSG00000120458",22.08,19.32,24.48,25.37,28.83,29.07,23.01,24.02,21.74,13.09,18.36,14.88,24.01,16.87,23.73,17.57,24.71,23.15,1.23558428304133,0.022333650071747
"5068","ENSG00000120647",22.28,27.9,27.14,28.11,21.48,28.33,15.81,25.72,30.58,20.52,18.99,15.16,25.85,16.04,23.71,17.63,21.77,16.38,1.29139449020165,0.0107642618037446
"5090","ENSG00000120733",73.84,104.35,94.26,92.19,102.29,71.69,86.31,88.67,94.23,63.72,82.31,85.44,83.28,59.37,79.49,72.8,75.06,71.91,1.19966437969646,0.00685922913225364
"5160","ENSG00000121390",123.12,119.82,128.87,133.37,130.21,143.83,121.86,137.26,136.77,94.43,124.4,117.8,128.25,115.91,123.88,111.73,124.38,130.58,1.09683953106332,0.0230675084491879
"5246","ENSG00000122257",73.38,79.05,80.36,89.99,87.92,80.41,88.56,80.56,85.14,62.14,75.84,70.91,73.38,73.84,74.28,59.98,68.48,94.4,1.14101798698814,0.0179067738203145
"5394","ENSG00000123560",27.85,52.62,46.49,33.99,13.65,20.42,18.36,26.33,36.55,12.5,15.49,26.31,13.39,18.38,21.06,19.98,18.96,9.54,1.77533577533578,0.0157423301645918
"5503","ENSG00000124313",4.28,5.29,4.38,1.31,3.68,2.97,2.88,3.54,2.42,6.07,5.04,5.3,5.55,4.34,3.56,7.18,5.41,4.38,0.656630365150545,0.00390545614329833
"5525","ENSG00000124479",2.52,1.72,1.53,2.81,1.89,1.14,0.89,2.14,3.07,0.61,1.41,0.47,0.28,1.69,1.55,1.87,1.38,1.31,1.67549668874172,0.0222858825360598
"5537","ENSG00000124549",5.03,5.68,4.66,4.23,5.49,5.12,5.67,4.33,4.48,4.11,3.71,4.55,3.63,2.56,3.7,1.77,1.87,3.15,1.53838209982788,0.000482471370449663
"5543","ENSG00000124571",56.17,58.1,66.52,72.74,65.21,50.76,63.55,69.98,74,39.3,60.04,43.09,66.6,50.63,64.75,49.42,67.39,52.78,1.16807692307692,0.0496790581790912
"5603","ENSG00000125107",154.05,155.34,187.74,163.25,133.96,187.76,186.85,165.38,230.05,108.68,136.45,185.47,165.75,105.36,159.62,103.73,163.34,117.24,1.25588452522398,0.0215316128524609
"5628","ENSG00000125356",147.17,141.77,125.38,140.73,153.72,165.95,142.75,131.25,108.52,183.79,155.95,157.28,123.36,216.55,149.04,171.11,140.71,179.39,0.851108192637322,0.0388314399460323
"5697","ENSG00000125753",19.75,18.98,17.91,21.57,11.94,29.46,14.6,19.6,17.21,13.54,14.01,16.06,18.27,13.8,20.12,13.37,13.81,6.07,1.32522278186749,0.0406287757090021
"5762","ENSG00000125971",188.17,233.1,290.01,119.71,280.1,222.47,215.1,273.26,220.25,402.29,305.28,278.37,278.96,235.66,185.35,357.22,297.38,284.74,0.777895438529664,0.0310772086102418
"5808","ENSG00000126432",197.93,219.26,227.63,133.44,212.49,235.78,189.38,206.31,222.98,438.67,284.26,250.44,287.16,208.31,165.51,335.65,273.07,202.63,0.75446702375598,0.043389112840636
"5842","ENSG00000126775",20.02,19.33,17.68,17.44,19.9,15.14,17.7,18.18,15.66,10.82,13.77,14.6,16.89,15.53,17.23,15.3,14.67,18.45,1.17332070523095,0.0127845771489939
"5861","ENSG00000126883",33.94,32.55,40.53,39.33,31.5,29.17,32.77,42.12,41.3,23.72,33,28.91,33.66,18.85,34.32,29.46,35.03,21.62,1.2499903314383,0.0135508606623162
"5936","ENSG00000127666",0.54,0.29,0.23,0.12,0.14,0.36,0.44,0.23,0.19,1.27,0.85,0.7,0.55,0.19,0.26,0.46,0.49,0.25,0.50597609561753,0.04876821620021
"6072","ENSG00000128915",57.51,52.79,42.82,68,58.55,38.56,61.34,47.86,58.27,30.02,52.04,43.89,45.11,36.57,59.07,37.15,52.48,39.02,1.22853168078917,0.0363693395952604
"6079","ENSG00000128965",2.9,4.29,2.29,1.74,3.14,2.64,4.91,2.17,2.52,8.98,6.9,3.91,5.79,5.38,3.76,5.66,7.8,2.88,0.520955738347043,0.00337910551046781
"6187","ENSG00000130024",113.48,103.87,72.49,132.11,111.49,94.98,101.95,94.28,103.13,70.66,89.59,96.09,100.62,81.75,104.65,66.17,75.33,85.3,1.20465877220318,0.0241930637191877
"6241","ENSG00000130347",11.31,9.09,7.94,12.44,10.28,14.56,11.64,9.31,10.01,6.6,10.35,7.36,8.34,11.14,10.45,7.36,8.28,8.17,1.23741191543882,0.0286767224902759
"6315","ENSG00000130733",12.05,4.9,10.8,4.98,9.56,10.67,7.14,12.24,12.35,21.11,13.7,11.43,18.54,8.16,9.91,15.1,18.71,8.9,0.674498247849634,0.0293279310041636
"6338","ENSG00000130816",156.91,130.25,135.24,166.26,144.77,168.12,121.17,136.93,174.91,110.68,131.43,106.1,146.1,112.28,169.24,96.87,112.6,150.43,1.1750680179268,0.0483877560373913
"6393","ENSG00000131127",29.89,18.11,24.67,30.65,35.37,21.89,18.84,24.23,19.09,10.83,17.11,13.86,23.06,13.89,25.86,16.78,18.78,20.78,1.38390804597701,0.0174131540979843
"6404","ENSG00000131187",0.09,0.46,0.09,0.74,0.53,0.35,0.48,0.33,0.35,1.51,0.23,0.8,0.96,0.74,0.17,1.6,0.86,0.7,0.451783355350066,0.0242765509168684
"6414","ENSG00000131269",25.5,23.18,18.82,29.35,21.35,24.51,26.11,21.99,24.31,21.03,20.03,21.93,20.78,20.52,23.85,14.42,19.51,17.86,1.19557605735564,0.0105251611150368
"6449","ENSG00000131504",31.42,33.1,36.66,40.2,29.01,50.7,27.41,33.97,43.52,22.71,30.12,30.18,43.02,22.62,33.36,22.8,31.15,23.05,1.25860005405197,0.0428496516363815
"6452","ENSG00000131558",60.45,62.9,59.67,64.25,63.63,40.04,64.2,62.61,51.84,32.43,49.25,48.99,41.89,47.56,48.16,50.62,64.45,44.24,1.2385462709605,0.0101683823712255
"6544","ENSG00000132305",97.06,91.81,92.47,116.87,91.2,122.28,97.55,96.74,116.21,68.26,87.1,84.73,90.88,78.85,97.28,79.2,86.4,78.28,1.22798210338491,0.00183440565402181
"6676","ENSG00000132975",3.15,5.59,8.97,1.52,8.49,2.73,6.92,3.85,2.27,9.72,32.06,9.48,5.76,13.71,3.68,12.3,6.48,11.23,0.416491093660218,0.0438076511325985
"6701","ENSG00000133114",39.53,36.05,31.38,42.55,43.15,29.81,30.34,34.35,30.71,23.99,31.37,27.58,24.89,37.88,34.29,29.07,30.58,31.78,1.17109383634823,0.0395394312773668
"6735","ENSG00000133398",50.92,64.41,52.59,38.48,57,53.05,60.22,56.99,42.19,61.6,64.38,57.64,55.91,67.52,49.93,66.3,60.9,84.92,0.836144790019329,0.0279620055069796
"6762","ENSG00000133678",42.01,45.41,37.89,44.5,40.43,33.85,45.96,45.91,42.52,37.34,33.44,42.46,33.18,32.42,37.06,30.79,36.28,42.15,1.16412401574803,0.00761067096364309
"6766","ENSG00000133706",109.82,111.71,115.27,125.88,124.56,99.02,116.4,116.68,128.5,75.31,108.64,100.05,105.16,113.9,115.88,90.09,99.81,88.9,1.16719762960323,0.00726955515776965
"6767","ENSG00000133710",25.65,15.09,0.98,10.25,9.23,16.22,13.87,9.97,16.48,3.79,7.45,12.62,5.63,0.77,8.64,5.05,13.89,1.86,1.97219430485762,0.0316209254229884
"6789","ENSG00000133935",39.7,49.07,45.25,31.05,63.81,59.93,59.16,37.12,35.03,70.18,61.59,52.91,59.56,54.19,43.71,67.32,45.5,84.81,0.778331511569743,0.0380762567479007
"6813","ENSG00000134070",0.92,1.31,1.08,0.74,1.21,0.58,1.76,0.97,0.58,2.12,0.91,1.49,1.83,1.63,0.6,1.7,1.16,2.01,0.680297397769517,0.0397916194340361
"6858","ENSG00000134291",178.27,139.65,159.65,205.32,106.71,152.71,151.44,162,167.65,142.61,96.1,135.68,154.14,98.49,174.58,117.34,140.3,124.57,1.2023888968669,0.0467118749549173
"6868","ENSG00000134326",4.85,3.59,3.26,3.8,3.39,3.25,3.31,4.27,4.49,2.7,2.93,2.14,4.67,1.82,1.93,4.04,2.86,2.46,1.33894324853229,0.0232532096982191
"6897","ENSG00000134508",5.04,8.95,8.9,7.59,11.66,8.27,9.06,7.84,4.83,12.96,20.55,11.2,9.63,12.65,9.26,10.19,10.39,8.9,0.682303981840537,0.0185835912890004
"6930","ENSG00000134744",81.96,76.99,88.92,99.49,98.79,93.57,67.18,88.15,75.75,35.88,52.19,59.12,76.6,48.02,90.05,64.02,72.81,84.71,1.32122043195063,0.0104266062305115
"6963","ENSG00000134900",35.62,37.3,35.38,44.33,34.89,30.82,33.88,39.14,48.52,24.87,30.98,26.33,33.08,27.96,41.09,26.19,32.34,28.66,1.25186003683241,0.00742893790451815
"7002","ENSG00000135119",14.71,13.77,21.89,15.93,21.64,23.48,14.35,15.96,17.29,11.27,11.36,16.24,15.06,11.75,15.91,13.42,14.92,13.7,1.2862573808946,0.0148747144644724
"7038","ENSG00000135341",47.54,50.99,34.54,60.06,43.56,43.5,45.67,42.84,45.5,30.29,35.16,42.28,42.63,37.16,51.77,30.22,35.97,37.74,1.20680613017889,0.0257403949934096
"7048","ENSG00000135387",263.98,245.98,266.36,309.7,312.27,233.14,292.1,252.58,258.73,175.31,263.51,213.91,238.21,234.46,259.81,214.57,235.22,229.55,1.17935627618609,0.00555224134868149
"7099","ENSG00000135617",13.84,17.42,18.25,12.51,15.12,15.76,15.43,16.92,15.01,26.41,25.43,17.9,19.98,14.09,13.25,23.8,19.98,16.85,0.789352242669818,0.0327966976527751
"7119","ENSG00000135722",0.93,1.71,2.05,1.54,2.34,1.38,1.25,2.82,1.04,2.02,1.67,2.59,2.33,2.57,2.71,2.4,3.32,1.25,0.721955896452541,0.0415698226108886
"7138","ENSG00000135829",253.59,220.53,364.79,322.13,299.98,287.91,250.75,289.23,297.02,165.08,266.4,201.72,290.4,244.2,295.95,218.18,231.4,255.89,1.19210130830437,0.0338499982688885
"7143","ENSG00000135845",49.94,47.65,51.45,44.64,41.9,47.45,47.71,39.17,41.28,37.99,38.67,37.83,38.28,40.86,49.86,34.99,39.62,42.84,1.13921981492769,0.0125918716057201
"7145","ENSG00000135870",10.85,11.38,15.61,9.31,14.6,8.03,11.84,8.01,7.76,5.63,7.96,8.2,7.18,9.16,8.7,9,7.43,11.01,1.31129662043894,0.0346722060441167
"7146","ENSG00000135898",0.22,0.26,0.45,0.13,0.55,0.12,0.74,0.45,0.36,0.95,0.95,0.51,0.61,0.37,0.64,0.86,0.81,0.48,0.530744336569579,0.00491169717764602
"7373","ENSG00000136997",5.12,5.52,7.81,3.43,6.97,6.84,13.02,6.05,10.63,14.8,12.02,7.76,14.09,13.19,6.67,8.82,10.43,8.65,0.678108472467075,0.0239991145622862
"7633","ENSG00000138336",8.78,6.52,7.65,14.48,7.5,3.42,6.62,10.18,12.44,2.77,5.37,4.68,7.13,3.59,9.8,4.37,6.4,5.32,1.56969451749949,0.0325179493433549
"7655","ENSG00000138434",62.74,77.84,60,52.31,57.52,46.24,80.79,57.05,44.74,69.76,77.11,107.79,59.84,89.43,60.67,72.58,84.39,68.58,0.781322900818663,0.021867520219638
"7667","ENSG00000138495",44.22,31.81,41,29.7,55.39,41.24,34.43,43,33.39,67.55,51.27,47.6,49.32,53.21,42.58,50.87,50.19,60.22,0.749095831306444,0.00218193341573489
"7686","ENSG00000138641",53.91,55.51,70.66,26.09,33.15,17.74,36.44,59.65,45.42,62.81,80.31,81.84,47.56,72.74,67.81,72.28,80.55,66.26,0.630489116679322,0.001979207547438
"7732","ENSG00000138796",57,50.6,57.26,60.88,52.29,60.15,48.04,50.76,52.95,40.21,53.33,45.19,52.19,38.77,50.44,42.77,49.23,49.23,1.16273495348396,0.00481901682067232
"7805","ENSG00000139354",23.4,29.67,18.59,31.99,14.22,9.73,16.61,19.26,18.95,14.42,12.46,16.91,14.79,8.52,22.96,9.55,13.13,12.04,1.46193300208367,0.0370159954586978
"7816","ENSG00000139445",4.71,4.42,6.92,8.05,5.89,4.94,1.95,7.98,10.44,4.1,2.78,3.09,3.59,1.28,4.76,2.6,3.17,3.32,1.92750087138376,0.00764401637422458
"7934","ENSG00000140332",40.07,43.78,39.35,35.71,32.87,23.16,23.91,41.41,49.81,23.83,24.85,34.66,27.1,17.08,34.54,20.16,33.9,17.83,1.41085702073093,0.0124307196539054
"7951","ENSG00000140443",20.63,22.23,32,33.19,28.77,21.4,21.65,28.44,34.43,12.86,18.13,19.22,31.13,10,24.77,16.69,21.97,21.83,1.37451868629672,0.0186763080971747
"8003","ENSG00000140750",55.2,49.3,47.69,50.16,51.59,63.06,75.14,52.15,58.69,36.46,54.4,44.3,60.74,33.52,55.3,33.42,41.99,52.3,1.21955240889363,0.0395218865676096
"8025","ENSG00000140943",66.84,55.83,69.22,72.18,84.54,52.5,60.99,63.8,68.01,48.2,51.7,62.96,71.03,39.09,62.09,54.99,63.24,55,1.16842415896124,0.0494491187918864
"8085","ENSG00000141391",5.61,8.16,8.31,7.07,6.96,10.79,7.22,7.48,8.39,11.7,9.03,10.38,7.95,8.49,7.03,10.81,12.16,7.74,0.820612029546254,0.0447301390616026
"8138","ENSG00000141627",44.66,39.58,49.38,39.71,39.97,27.92,60.4,44.68,37.71,29.64,31.65,33.49,34.04,45.22,36.46,32.97,30.3,37.96,1.23186732107914,0.0342417968259144
"8167","ENSG00000141934",1.64,1.44,1.79,0.37,0.59,1.65,0.72,0.91,0.72,0.39,0.48,0.65,0.97,0.19,0.53,0.64,0.91,0.66,1.81365313653137,0.0294729332465248
"8206","ENSG00000142252",24.9,25.65,31.26,31.57,24.17,35.98,20.14,30.79,35.75,27.01,26.32,22.89,26.34,21.09,21.72,23.36,23.92,21.45,1.21536665109762,0.0253729455516037
"8329","ENSG00000143207",65.6,69.76,85.97,70.88,72.48,74.73,73.36,64.83,63.19,44.83,69.49,55.6,56.36,74.61,70.76,56.51,59.53,67.52,1.15415788620522,0.0284443319614101
"8386","ENSG00000143443",1.95,7.25,10.18,4.24,7.09,6.78,3.36,4.27,3.52,12.55,5.66,8.16,4.05,9.23,7.38,13.23,11.59,6.75,0.61882951653944,0.0272046444242114
"8445","ENSG00000143756",18.89,21.9,27.59,23.53,19.98,13.22,25.59,16.73,18.33,13.73,17.94,18.04,17.28,19.63,18.97,10.89,14.32,16.47,1.26135669179059,0.0308094210174731
"8458","ENSG00000143815",125.39,94.33,156.54,196.18,130.84,103.73,113,128.06,144,80.25,97.4,92.74,135.86,81.38,144.11,68.69,103.99,107.18,1.30766783677051,0.0318949116917564
"8483","ENSG00000143952",33.95,36.41,25.58,30.62,39.97,29.07,35.12,24.27,24.11,21.39,28.02,27.11,24.12,29.69,27.69,22.27,27.26,26.83,1.19080126290639,0.0378855719526102
"8521","ENSG00000144214",3.89,3.33,3.14,1.72,2.68,2.16,4.4,3.8,3.3,2.48,2.67,2.34,1.06,1.98,1.76,2.37,2.89,2.85,1.39313725490196,0.0215959034187608
"8566","ENSG00000144559",14.14,11.84,12.44,11.47,17.42,16.55,10.91,14.69,14.88,8.19,10.32,11.27,12.05,12.77,12.5,12.32,11.9,13.68,1.18419047619048,0.0369928863107637
"8581","ENSG00000144645",3.77,2,4.89,1.18,3.55,5.89,5.18,1.45,1.15,3.5,3.11,6.32,8.35,3.94,3.94,6.05,10.11,4.4,0.584473049074819,0.0380828388580908
"8585","ENSG00000144655",3,6.58,5.95,1.07,2.95,4.33,5.67,3.65,2,10.79,5.81,5.91,4.71,5.04,5.81,8.89,11.49,1.81,0.584135413209426,0.0383703200964434
"8596","ENSG00000144730",28.49,36.66,29.27,30.75,41.53,26.6,22.81,22.37,24.33,18.77,23.56,25.81,28.19,21.41,22.39,23.77,20.36,27.94,1.2385014137606,0.0371405372496958
"8661","ENSG00000145247",131.56,106.6,151.27,51.75,181.4,111.55,133.16,110.59,36.02,132.15,202.53,121.8,113.36,288.78,89.51,204.47,156.71,248.02,0.651050194884835,0.0421953449314856
"8685","ENSG00000145414",18.06,20.52,15.8,16.97,18.04,14.64,18.94,15.92,20.04,14.37,17.58,16.59,14.75,14.22,18.93,9.45,14.75,14.14,1.17918088737201,0.0293750515839951
"8702","ENSG00000145569",7.3,10.08,1.29,11.05,6.57,10.83,6.07,7.73,9.87,5.2,1.58,6.17,6.97,5.51,7.52,2.88,5.21,3.21,1.59977401129943,0.0306005837866119
"8759","ENSG00000145919",125.55,104.32,104.67,160.51,104.93,120.14,70.1,117.77,146.23,79.71,79.12,86.76,112.84,86.16,117.84,86.1,93.04,99.92,1.25280157815304,0.0338787472160946
"8764","ENSG00000145949",0.72,0.55,0.52,0.35,0.85,0.22,0.76,0.42,0.37,0.39,0.19,0.42,0.14,0.28,0.46,0.41,0.42,0.43,1.51592356687898,0.0443248404359966
"8766","ENSG00000145979",56.41,47.55,54.01,53.18,59.28,52.19,36.09,51.81,44.46,33.51,22.96,37.27,47.38,39.17,45.22,39.15,43.65,41.88,1.2992375567549,0.0032750559739942
"8769","ENSG00000145996",17.08,18.9,15.87,18.43,18.9,14.77,18.16,14.47,18.31,10.11,16,11.56,15.17,12.33,15.44,15.26,15.74,12.82,1.24479627099574,0.00224977894136132
"8995","ENSG00000147677",383.97,373.09,314.31,442.21,338.64,374.86,309.33,360.44,420.27,306.06,324.25,294.67,303.27,318.28,387.07,301.17,316.19,308.73,1.15995789753435,0.0117734513207336
"9033","ENSG00000148153",42.37,37.44,37.51,43.26,46.21,25.73,35.38,43.71,39.84,29.85,29.79,30.99,30.78,38.47,40.57,31.83,31.57,35.43,1.17431836407378,0.0317727651453883
"9088","ENSG00000148498",52.24,44.56,41.45,71.88,35.45,59.69,45.14,56.31,64.22,23.94,43.19,37.49,47.15,42.98,48.96,38.01,50.53,33.23,1.28855204115136,0.0288692578737999
"9124","ENSG00000148835",10.13,8.71,7.64,12.23,8.02,10.26,6.84,9.5,9.97,5.26,7.59,6.02,7.63,6.3,11.59,5.74,7.38,8.85,1.25527426160338,0.0414753686504147
"9169","ENSG00000149262",34.34,35.46,38.17,32.69,41.51,27.18,29.12,40,41.28,20.95,33.09,28.95,27.58,21.49,33.53,31.65,35.61,30.34,1.2149017819826,0.0203061098670139
"9435","ENSG00000151748",18.78,21.85,9.86,18.15,23.94,17.74,21.05,15.44,14.5,15.45,12.44,20.23,14.01,15.04,15.66,8.69,12.24,12.13,1.28135674001112,0.042739958973269
"9438","ENSG00000151779",25.47,29.54,29.74,27.31,38.06,28.25,37.24,31.73,29.34,20.25,26.94,25.59,22.82,24.83,27.68,24.3,31.12,23.51,1.21863988724454,0.00722293339679398
"9525","ENSG00000152467",4.86,5.06,2.96,2.35,2.55,1.45,4.73,5.2,4.52,15.83,7.9,6.26,9.02,4.64,3.24,8.49,6.75,3.04,0.516802209605647,0.0291344188613778
"9532","ENSG00000152520",27.84,31.65,24.67,33.51,31.63,23.18,30.25,26.94,26.94,18.41,22.98,26.43,27.09,23.38,26.82,21.68,21.4,29.63,1.17808282067762,0.0187929200665604
"9601","ENSG00000153107",31.03,19.94,31.43,29.04,29.79,19.71,28.49,36.28,31.23,12.62,21.53,20.02,27.25,16.45,36.45,20.59,26.32,17.61,1.2921947294307,0.0460794797533731
"9606","ENSG00000153147",95.57,105.2,99.05,125.75,120.47,97.8,96.15,110.22,103.02,53.95,92.21,80.91,79.42,92.46,108.99,89.65,87.46,73.93,1.25593559777596,0.00359621867511206
"9611","ENSG00000153187",457.7,393.38,576.42,548.63,491.89,456.83,467.97,491.84,567.32,294.27,413.63,424.91,518.73,346.87,518.99,373.7,453.16,440.25,1.17636893547646,0.0340298875531498
"9613","ENSG00000153207",30.08,30.4,45.91,32.45,39.52,36.59,40.74,25.96,28.71,16.07,26.83,35.23,30.53,25.06,39.1,21.03,27.06,27.77,1.2480295962683,0.0467847045709332
"9675","ENSG00000153922",56.32,56.12,55,60.64,68.35,55.6,57.54,67.44,60.44,39.88,53.55,46.45,59.58,58.08,65.94,41.4,44.15,54,1.16072392717534,0.0320606374526645
"9780","ENSG00000154743",23.37,23.2,30.36,24.48,24.09,26.17,25.4,33.44,24.62,16.99,22.46,19.79,26.53,17.91,26.29,18.69,21.93,18.56,1.24308749669574,0.00706736130563747
"9973","ENSG00000156508",12380.21,11538,8530.34,12890.35,9431.6,9156.34,10104.49,9104.22,9277.37,8578.27,8101.12,10750.96,7881.37,10653.2,10018.01,7102.57,8135.97,7386.58,1.17561649220404,0.0448629386661437
"9978","ENSG00000156531",63.88,54.49,60.88,89.33,73.73,45.08,53.66,65.38,69.19,29.98,53.47,45.7,60.06,45.21,75.12,44.62,49.87,53.97,1.25681222707424,0.0433604337486601
"9999","ENSG00000156787",14.38,15.79,12.47,15.91,10.62,13.33,8.03,12.35,14.85,6.91,11.66,8.67,11.16,9.38,14.16,7.08,9.65,11.63,1.30376522702104,0.0184837164383401
"10040","ENSG00000157107",12.76,10.93,12.68,13.03,14.31,7.34,10.95,10.44,7.87,6.21,8.1,8.6,8.59,8.94,9.78,9.75,7.64,12.08,1.25875266658301,0.030551223803406
"10109","ENSG00000157734",2.43,2.4,3.47,1.54,3.33,1.87,2.57,2.89,2.04,2.27,3.31,3.98,4.53,1.61,2.91,4.08,3.62,5,0.719897796231236,0.037089289020225
"10144","ENSG00000158019",37.52,43.78,27.96,46.2,40.27,32.9,46.86,33.78,36.54,27.86,25.46,34.07,36.36,31.1,32.32,28.78,35.9,35.43,1.20373851294904,0.0218723568165838
"10221","ENSG00000158623",78.95,70.74,64.21,96.05,80.42,55.33,77.62,67.12,74.25,41.55,52.89,65.41,65.84,49.68,65.18,58.63,64.39,82.95,1.2162226450999,0.0303224117070793
"10336","ENSG00000159479",37.28,36.62,35.38,31.7,38.27,39.06,33.88,36.09,35.03,36.93,40.29,35.49,37.46,43.05,36.56,40.55,44.03,43.1,0.904464835226319,0.0115207637646836
"10344","ENSG00000159592",83.02,91.5,61.68,70.16,75.59,93.06,88.59,59.81,73.1,55.12,64.68,79.07,74.18,65.67,75.6,55.01,65.08,62.3,1.16725042315363,0.0441871031526468
"10380","ENSG00000159915",4.24,4.25,1.72,2.79,4.79,3.81,4.57,3.14,2.79,4.76,4.86,4.61,2.99,4.21,5.02,4.32,4.24,6.84,0.767025089605735,0.0378895756181856
"10451","ENSG00000160321",2.79,1.34,1.66,2.02,3.98,0.72,1.34,1.05,0.72,3.45,2.89,3.2,3.46,2.24,2.99,3.5,3.59,0.69,0.600538254517493,0.0262799567219617
"10611","ENSG00000161791",12.75,10.3,11.69,11.27,8.06,10.26,11.78,10.78,14.3,7.86,7.98,8.82,10.41,7.42,11.85,5.03,8.3,5.12,1.39016348399505,0.004137214980449
"10635","ENSG00000161956",88.91,88.64,113.73,103.62,86.09,111.12,98.07,100.38,97.99,83.31,105.63,93.04,89.34,82.68,88.16,71.82,92.53,90.96,1.11421119289754,0.0379750826248088
"10671","ENSG00000162222",39.29,37.76,44.52,30.29,27.38,41.98,38.95,38.72,29.22,33.06,36.52,34.53,34.36,33.21,28.76,24.97,28.01,27.42,1.16831647913403,0.046446746459917
"10729","ENSG00000162521",287.2,240.62,257.05,353.6,275.74,218.92,247.42,296.04,298.99,182.85,233.73,231.68,264.46,228.91,289.32,212.64,229.77,219.04,1.18312942076085,0.0222729471352541
"10794","ENSG00000162736",85.48,100.66,107.69,107.21,73.61,103.16,102.81,100.71,118.37,85.38,74.73,108.28,102.07,60.16,78.01,79.36,93.96,71.4,1.19426561359262,0.028337789784576
"10830","ENSG00000162882",1.82,3.08,3.22,2.06,2.23,1.62,3.43,1.6,3.18,3.33,3.5,3.92,4.2,1.73,3.27,2.9,7.35,4.05,0.649343065693431,0.0365906099659637
"10855","ENSG00000162975",2.06,1.78,4.01,0.5,1.68,2.49,2.54,1.44,1.63,7.81,6.13,5.21,4.15,4.13,1.75,5.43,4.48,0.86,0.453817271589487,0.00957078448555594
"10878","ENSG00000163050",10.26,8.89,13.75,11.01,9.96,12.49,7.22,11.01,12.56,6.92,7.88,6.61,16,3.51,6.65,7.6,7.72,8.75,1.35608598548297,0.0484053230993032
"10920","ENSG00000163214",40.63,41.26,45.44,42.13,49.13,44.58,44.5,38.15,40.83,28.08,39.57,38.35,32.4,30.99,30.39,40.13,37.47,24,1.28293184683788,0.00082523545902933
"11100","ENSG00000163785",82.67,65.86,58.32,75.88,64.71,68.49,58.61,67.3,67.17,42.77,53.54,61.98,71.49,47.95,71.99,48.18,54.07,46.83,1.22095028067362,0.0143952673059265
"11126","ENSG00000163864",1.63,3.74,2.46,1.8,1.52,2.11,1.12,3.38,3.62,0.75,1.15,1.67,1.6,0.66,1.85,2.71,2.01,1.29,1.56172388604821,0.0466145017633656
"11335","ENSG00000164484",16.36,20.6,13.53,10.93,17.81,14.18,15.52,18.64,6.26,13.31,16.67,26,15.21,14.88,21.94,21.76,25.25,20.95,0.760527362618628,0.0425570202089764
"11448","ENSG00000164929",35.69,44.22,44.72,23.52,54.11,18.86,32.54,41.03,28.14,43.66,46.48,55.36,37.04,46.92,32.59,56.83,51.62,66.34,0.739011995238531,0.0247520356215241
"11455","ENSG00000164941",66.56,64.09,59.48,75.51,66.54,63.91,62.69,73.12,70.32,42.59,43.2,44.39,67.82,42.92,68.8,39.31,50.92,61.96,1.30376047281938,0.00378517499321552
"11456","ENSG00000164944",37.73,45.51,35.5,44.02,44.24,46.71,41.82,34.32,37.71,26.17,39.95,39.24,34.85,37.72,42.83,36.33,30.54,30.46,1.15552202206923,0.0333812568904172
"11469","ENSG00000164985",294.75,312.21,243.16,347.4,302.71,273.26,256,271.21,297.98,228.57,268.07,259.04,264.17,254.25,319.69,237.37,217.26,258.43,1.12650584129874,0.0386041249378138
"11664","ENSG00000165821",102.56,89.94,99.32,101.08,124.21,110.61,94.08,127.35,174.5,60.14,95.38,86.07,117.83,51.38,110.68,82.09,82.76,78.59,1.33824452230299,0.0215067191749662
"11711","ENSG00000166024",12.62,13.6,12.66,12.63,15.63,19.76,15.97,13.81,16.78,7.67,10.38,12.62,12.82,10.15,15.35,11.96,13.28,14.61,1.22620360161705,0.0281448705036956
"12119","ENSG00000167658",1041.32,1180.19,1008.25,1128.26,1302.07,1179.2,1144.64,1038.32,994.21,717.67,884.92,1076.1,1013.76,779.77,1047.21,890.67,944.51,1040.97,1.19306349293319,0.00423652436114713
"12216","ENSG00000168000",131.41,208.2,188.5,80.15,155.87,198.67,159.18,198.85,126.07,274.43,192.73,249.13,185.02,193.61,118.48,253.16,231.42,182.07,0.769607191298104,0.03880753688123
"12272","ENSG00000168246",76.79,69.59,65.44,102.8,82.04,67.94,56.55,75.16,77.17,45.89,66.64,57.34,67.65,62.25,72.96,56.89,55.46,62.51,1.22989828156102,0.0159988155967284
"12395","ENSG00000168769",24.71,24.53,28.42,25.99,29.38,8.94,20.69,24.15,20.8,11.78,17.62,17.86,17.99,15.13,21.57,18.14,19.97,20.63,1.29199078971934,0.0394660028443314
"12406","ENSG00000168807",6.8,6.2,6.62,10.08,6.14,5.27,8.72,7.03,10.44,5.55,5.49,4.92,6.51,4.7,7.17,4.38,6.86,6.78,1.28533231474408,0.0345693110884518
"12416","ENSG00000168852",3.79,4.82,4.61,1.28,3.11,2.51,3.45,4.46,1.88,3.22,3.49,1.75,1.54,0.95,0.83,3.35,1.21,2.15,1.61763115197404,0.0333563471853521
"12431","ENSG00000168907",0.41,0.2,0.32,0.36,0.52,0.23,0.27,0.22,0.23,0.03,0.13,0.22,0.26,0.03,0.12,0.37,0.11,0.2,1.87755102040816,0.0129569701499785
"12491","ENSG00000169155",8.73,13.75,16.6,10.53,19.19,11.09,16.31,12.1,8.83,12,8.54,8,9.24,7.92,9.14,12.71,10.38,11.34,1.3120869272992,0.0434071131911185
"12534","ENSG00000169299",20.56,19.14,11.89,17.06,15.78,17.61,13.41,16.82,14.56,14.93,10.74,11.84,17.09,6.69,14.85,8.76,16.12,12.45,1.29399841367762,0.0237477876230462
"12651","ENSG00000169857",11.56,11.93,15.68,12.16,11.79,17.49,13.55,9.57,15.05,9.55,8.89,9.92,13.38,8.21,13.36,9.34,12.44,12.65,1.21526498874565,0.0449881951312738
"12743","ENSG00000170271",5.92,7.84,7.32,8.52,7.65,7.21,10.41,8.77,8.38,7.62,4.94,7.03,6.75,5.16,5.42,5.33,8.56,6.08,1.26595183687819,0.0113362303276103
"12772","ENSG00000170381",2.15,1.6,1.8,0.4,2.66,0.91,3.27,1.89,1.47,2.85,3.43,3.54,0.96,2.67,2.16,4.98,1.77,3.74,0.618773946360153,0.0399527864868682
"12933","ENSG00000171094",2.41,6.56,5.13,4.09,6.92,2.14,7.71,6.73,6.36,7.4,8.12,9.58,6.04,6.63,4.88,9.47,10.12,6.97,0.694263834705967,0.0189440690538029
"12982","ENSG00000171262",74.39,51.54,62.6,113.91,74.51,48.87,75.83,63.64,60.86,33.99,48.79,59.83,63.99,54.03,62.63,43.35,49.48,66.57,1.29729001781793,0.0499857058955103
"13060","ENSG00000171587",0.79,1.84,4.18,0.88,2.53,0.49,2.08,3.63,1.01,4.37,3.05,3.53,1.55,2.32,1.73,4.49,4.49,4,0.590247206230952,0.0358306282031167
"13072","ENSG00000171634",107.41,108,119.1,103.82,141.75,102.02,101.39,107.49,109.91,65.2,99.95,101.34,104.72,74.41,100.12,92.46,99.89,114.13,1.17445025932271,0.0245398328503783
"13362","ENSG00000172893",62.23,79.02,85.19,47.22,117.1,71.46,102.3,74.83,69.88,151.44,121.3,99.32,134.62,69.14,60.19,168.56,80.56,120.8,0.705049059079658,0.0381134864970058
"13396","ENSG00000173068",1.82,1.53,0.42,1.29,0.76,1.59,2.62,0.72,1.8,3.32,1.88,4.11,2.97,1.53,3.05,1.29,4.51,0.19,0.549234135667396,0.0498585723797273
"13613","ENSG00000174231",90.41,91.25,112.52,99.97,101.29,102.06,88.75,113.91,133.92,51.69,78.65,71.15,114.63,59.14,103.12,82.33,112.59,87.1,1.22840610205155,0.0475148399659994
"13646","ENSG00000174444",3819.89,2724.8,2814.06,4948.11,2413.39,3556.45,2420.88,3460.64,4096.62,2183.7,2202.78,2329.19,2885.1,2819.26,3162.82,2197.65,2746.48,2078.74,1.33837099636729,0.0196347404139554
"13695","ENSG00000174718",32.44,20.53,23.76,33.02,31.6,33.25,24.81,30.35,28.58,11.29,25,21,27.89,18.34,30.44,17.27,20.82,32.81,1.26105633115298,0.0495707469068187
"13707","ENSG00000174791",0.47,0.73,0.34,0.52,0.43,1.29,0.43,0.7,0.62,2.83,1.19,1.4,0.55,0.66,2.45,0.65,2.9,0.6,0.417989417989418,0.0337637090024264
"13760","ENSG00000175054",18.25,19.19,10.56,19.25,19.04,20.81,23.87,15.82,16.39,13.33,15.87,19.01,11.42,14.96,17.79,13.86,14.09,14.1,1.21386595254036,0.0460230475805515
"13790","ENSG00000175198",32.29,33.04,14.76,38.17,27.75,47.94,37.85,41.17,31.78,23.86,19.29,24.88,25.94,21.5,26.91,22.34,27.51,25.78,1.39787165726343,0.0149159006311606
"13796","ENSG00000175216",203.2,251.91,223.28,231.97,218.69,127.14,192.47,220.45,236.45,127.56,166.96,195.63,200.3,118.27,209.93,165.41,206.34,161.63,1.2277855453825,0.0297826558658281
"13830","ENSG00000175390",108.33,125.91,125.69,127.52,113.81,167.6,127.83,105.9,127.11,99.08,111.2,103.12,94.9,88.25,102.37,94.19,107.18,76.68,1.2881854567431,0.00143285766948067
"14011","ENSG00000176393",60.52,48.57,79.36,35.96,54.78,76.59,43.08,55.04,58.03,36.36,50.76,36.84,56.95,23.05,50.91,35.12,53.09,39.44,1.3383091080205,0.0297749748204084
"14037","ENSG00000176542",6.89,9.58,7.26,7.19,9.67,13.58,9.83,7.96,5.91,5.54,6.52,6.09,6.28,6.1,6.47,5.85,7.41,9.65,1.2997830078451,0.0410408855656815
"14051","ENSG00000176624",50.96,56.91,43.44,65.44,53.9,35.9,62.9,48.62,46.71,38.81,38.97,45.27,42.05,38.52,52.79,33.36,44.86,42.82,1.23136839316466,0.0188117697799668
"14077","ENSG00000176771",4.4,6.24,2.65,8.46,4.38,3.67,7.16,3.7,8.01,4.01,1.8,2.69,2.56,6.16,3.67,4.88,2.9,1.43,1.61694352159468,0.0308398066753509
"14236","ENSG00000177556",88.08,104.83,111.56,76.18,111.24,129.78,107.6,114.74,96.79,198.98,129.43,99.07,122.76,140.61,103.9,115.23,130.8,137.47,0.798472310630172,0.0339973067284151
"14238","ENSG00000177565",67.58,64.5,62.88,78.22,62.31,38.81,62.09,52.45,60.92,29.75,43.4,41.71,48.51,51.22,54.7,52.85,51.95,55.22,1.28056649041485,0.00958859870521863
"14259","ENSG00000177675",1.31,1.05,4.03,3.31,3.76,1.01,1.29,4.72,1.35,0.03,0.84,1.6,1.07,0.1,1.75,1.87,0.73,1.55,2.28825995807128,0.0300451119888027
"14308","ENSG00000177954",6713.63,4239.39,6076.79,7983.2,3830.41,6347.19,4896.13,4980.43,5418.04,5139.09,3938.24,4098.04,4484.07,5457.06,5670.42,3187.15,3887.33,4339.72,1.25581600711622,0.0433344863229767
"14322","ENSG00000178033",0.3,0.23,0.2,0.48,0.38,0.33,0.31,0.35,0.51,0.11,0.08,0.19,0.29,0.15,0.39,0.19,0.39,0.19,1.56060606060606,0.0276896577495751
"14343","ENSG00000178150",5.45,3.13,3.68,5.96,4.62,5.35,3.77,9,4.58,4.84,2.69,3.48,3.97,3.43,3.61,3.68,2.34,4.18,1.41340782122905,0.0393520939965661
"14378","ENSG00000178381",34.5,31.02,39.95,22.79,31.65,40.61,31.37,40.46,26.21,36.89,47.88,29.43,34.25,50.71,33.15,41.88,41.27,43.54,0.831643454038997,0.0495809175526783
"14574","ENSG00000179456",50.16,57.82,62.41,50.94,52.33,40.24,51.77,40.78,40.3,36.43,55.15,50.37,33.12,45.72,41.54,32.2,31.27,39.7,1.22229822161423,0.0320812079281141
"14624","ENSG00000179833",10.83,11.67,8.68,11.38,14.26,10.37,16.7,7.73,9.72,6.85,9.96,9.73,9.9,8.21,9.61,6.15,8.34,7.96,1.32107938991005,0.0213928035170178
"14800","ENSG00000180815",0.36,0.53,0.7,0.7,0.46,0.43,0.81,0.71,0.81,0.51,0.38,0.49,0.53,0.19,0.47,0.61,0.62,0.09,1.41645244215938,0.0455500908612236
"14821","ENSG00000180914",1.49,1.39,1.36,0.57,1.77,1.2,1.64,1.07,0.86,1.01,0.65,0.9,0.92,0.68,1.32,0.94,0.73,1.15,1.36746987951807,0.0381480227922653
"14907","ENSG00000181418",1.18,4.43,3.57,1.65,3.59,1.9,4.83,3.28,1.43,7.45,6.57,7.4,3.71,3.84,2.67,5.48,5.67,4.86,0.542707240293809,0.00418893423552775
"14911","ENSG00000181450",14.03,13.12,19.86,17.33,13.09,3.91,14.37,16.44,13.08,6.91,11.87,10.78,8.55,11.05,15.17,8.66,8.15,10.06,1.37313596491228,0.0435314700987114
"14971","ENSG00000181817",27.51,32.7,36.69,18.42,28.24,40.11,38.85,38.46,31.38,54.71,52.33,39.53,42.67,51.18,25.28,45.12,43.64,29.59,0.761255044916026,0.0250881571022188
"15057","ENSG00000182247",27.02,47.63,33.89,41.27,45.54,33.05,33.97,40.09,26.55,20.35,18.55,24.13,28.05,33.44,36.51,22.83,35.11,33.83,1.30146360759494,0.0241631264577709
"15308","ENSG00000183337",26.19,25.51,37.07,32.05,25.64,28.37,23.16,56.18,41.43,16.57,23.02,19.04,31.21,16.74,30.47,23.26,28.77,24.16,1.38623147627087,0.0407714805175331
"15332","ENSG00000183474",12.57,14.55,18.59,14.92,16.16,7.39,13.82,6.31,9.02,9.81,9.24,17.29,28.03,23.45,23.62,21.56,21.86,11.92,0.67951792780909,0.042943597515672
"15338","ENSG00000183495",34.2,34.18,35.2,28.65,40.1,33.21,34.89,34.54,41.6,24.16,27.22,29.06,38.87,20.77,35.18,30.14,35.11,31.23,1.16497387208361,0.0467739835222533
"15522","ENSG00000184227",3.35,8.01,4.04,0.69,2.99,2.61,6.46,3.79,2.2,12.48,7.65,4.03,4.69,7.83,2.21,7.17,8.01,7.03,0.558756137479542,0.0275189747064245
"15584","ENSG00000184497",0.66,1.44,0.64,0.94,1.33,2.07,0.69,1.52,2.54,0.64,0.06,1.23,1.28,0.37,0.36,0.14,1.28,0.25,2.10873440285205,0.0256287715445408
"15609","ENSG00000184613",201.28,254.62,119.65,306.87,201.72,142.28,142.73,216.54,236.32,149.62,81.67,185.52,185.21,110.57,184.9,113.99,125.67,146.74,1.4191324801969,0.0248689308046169
"15746","ENSG00000185187",3.64,2.75,2.62,1.67,2,4.25,2.91,4.59,8.44,10.63,9.31,3.14,8.5,4.34,3.93,6.01,6.58,3.48,0.587804005722461,0.040230416542309
"15848","ENSG00000185630",106.8,74.17,128.12,127.06,89.76,38.78,66.26,99.47,123.4,36.42,47.69,60.91,91.1,45.04,81.52,67.47,77.72,61.16,1.50048327856176,0.019592158023302
"15896","ENSG00000185813",15.88,30.24,33.29,16.93,23.67,22.23,31.34,27.78,34.77,50.38,31.99,35.87,40.99,22.63,25.52,51.62,32.11,35.59,0.72277318640955,0.025819016519194
"15927","ENSG00000185920",110.03,124.96,89.94,220.5,96.8,50.45,119.85,199.88,188.07,69.91,75.44,102.18,101.28,52.4,141.74,44.01,71.66,73.6,1.63950725191882,0.0315112691490458
"15963","ENSG00000186073",14.79,8.91,15.01,10.63,15.84,8.92,12.39,10.94,12.4,5.65,6.37,6.27,9.17,7.93,12.38,7.44,8.29,9.34,1.50782537067545,0.00196543532251992
"16218","ENSG00000187123",8.46,8.36,3.6,10.5,5.87,8.59,5.73,7.4,8.04,4.89,4.66,5.42,6.99,4.27,8,5.3,6.08,4.67,1.32358790771679,0.0396234334441111
"16409","ENSG00000188004",1.64,1.37,1.24,0.55,1.41,0.45,0.61,0.66,0.71,2.6,0.74,2.29,1.44,1.5,1.26,2.54,1.47,1.32,0.569920844327177,0.0145436211524704
"16468","ENSG00000188266",3.97,2.56,1.8,2.67,3.09,3.02,1.94,2.25,1.91,0.5,2.25,1.23,2.41,1.39,1.98,1.96,1.98,2.6,1.4239263803681,0.0298094543614402
"16491","ENSG00000188352",26.41,24.52,27.14,25.31,29.44,21.44,30.83,22.61,26.7,11.94,22.2,17.98,25.89,14.33,23.66,23.44,24.22,18.78,1.28480596360447,0.0088743918490138
"16676","ENSG00000189079",32.12,24.68,26.68,45.54,33.53,25.35,30.6,23.34,25.06,12.2,21.6,21.48,25.37,15.97,32.2,18.93,20.36,26.41,1.37209541435328,0.0179574622020953
"16780","ENSG00000196139",4.86,3.43,1.76,1.73,3.98,3.09,7.34,2.42,3.38,2.31,0.87,2.75,2.08,3.04,0.81,1.25,1.32,1.01,2.07189119170984,0.0151768185532338
"16813","ENSG00000196230",138.54,226.46,154.47,287.43,181.63,267.06,125.22,292.79,416.33,116.64,161.09,116.21,158.68,94.47,5.81,235.1,113.51,191.94,1.75116678537015,0.0202291764912197
"17040","ENSG00000196972",4.11,3.86,5.75,2.46,4.47,3.17,3.29,4.79,4.24,6.63,3.95,5.61,6.04,2.79,3.39,7.84,8.1,6.03,0.717348154029377,0.0444099087065992
"17081","ENSG00000197111",690.96,696.95,768.62,791.41,726.01,805.35,693.69,740.26,860.44,498.37,660.86,655.52,749.16,527.34,744.47,626.77,713.29,562.4,1.18045965794032,0.00712656483483574
"17149","ENSG00000197361",0.64,0.32,0.47,0.35,0.34,0.3,0.14,0.95,0.18,0.66,0.34,0.31,0.88,0.69,0.97,1.3,0.72,0.51,0.578369905956113,0.0407268430267893
"17211","ENSG00000197565",15.46,17.88,7.71,11.51,20.03,21.05,29.57,14.54,6.81,24.7,30.96,21.21,34.61,16.96,22.43,18.72,36.49,16.17,0.650438695163104,0.0243483558631368
"17360","ENSG00000198034",1012.63,862.74,848.16,1103.09,947.92,953.18,882.84,895.28,962.51,814.41,789.99,805.95,798.03,1019.24,973.42,688.94,760.9,814.24,1.13438899843539,0.0218442326439364
"17474","ENSG00000198429",15.45,13.7,11.52,10.86,18.4,16.35,17.8,14.24,12.19,9.49,8.73,14.02,13.43,12.12,14.18,11.4,12.24,10.49,1.23006597549482,0.0279155681213565
"17509","ENSG00000198553",5.65,4.72,4.81,5.67,5.61,4.68,3.81,2.94,3.14,1.57,2.82,2.03,2.87,1.45,3.01,2.72,2.85,3.55,1.79405334499344,0.000289961038880479
"17531","ENSG00000198624",4.33,4.31,2.2,3.68,2.06,3.1,3.63,4.03,2.32,3.78,0.9,1.85,2.1,0.87,3.42,2.1,2.78,1.65,1.52493573264782,0.0238209732623084
"17532","ENSG00000198625",21.95,29.58,48.61,27.11,37.77,19.51,24.36,25.57,21.48,11.93,22.39,17.69,25.14,16.89,24.46,21.8,22.21,24.45,1.36895592640137,0.0463073675342386
"17560","ENSG00000198712",10357.4,13425.9,12685.4,11612.6,11603.5,17859.2,14813.1,13584.3,13967.6,17150.3,14095.2,19271.6,13747.6,16631.1,16529.5,19771.5,13583.7,16369,0.814878745765361,0.0106276429369782
"17589","ENSG00000198763",3217.93,4649.79,4283.75,2598.16,4636.75,4569.51,5707.57,4384.83,4075.93,5528.57,4902.5,6386.03,4781.9,5488.83,5279.62,7500.89,4810.22,6505.97,0.744838723731565,0.00381352484973999
"17603","ENSG00000198795",41.88,42.2,37,58.15,29.91,37.75,34.85,45.02,62.12,35.05,43.65,33.03,40.73,35.47,38.04,20.77,30.09,20.43,1.30821503061293,0.037212722961339
"17663","ENSG00000198894",29.92,31.74,34.45,29.17,36.01,22.91,33.65,32.09,32.03,24.06,28.79,26.38,25.93,26.43,25.75,30.17,28.09,29.41,1.15085098567405,0.0140579340040022
"17665","ENSG00000198899",6806.63,7998.19,7651.22,6983.71,7756.6,10024.2,9951.47,7994.66,7552.18,8881.97,8277.48,11004,7948.2,9961.57,8923.31,11594.8,8138.75,9484,0.863500022799038,0.041393610011652
"17825","ENSG00000204065",46.83,56.83,62.67,15.95,68.62,20.24,51,47.94,17.05,56.37,67.35,61.23,45.39,64.21,34.79,86.5,69.54,93.46,0.668803123488356,0.0323945150077256
"17843","ENSG00000204138",55.24,62.9,61.86,61.98,74.8,55.42,60.96,62.86,53.92,40.31,64.23,62.14,57.96,48.83,53.96,53.43,48.69,51.24,1.14382578672601,0.0301678686159144
"18010","ENSG00000204599",2.18,2.43,1.59,2.28,3.31,1.69,1.9,2.63,3.11,3.05,4.36,3.76,3.38,3.25,2.63,3.14,2.02,2.48,0.752404702529391,0.0227786041066666
"18042","ENSG00000204677",3.94,1.5,2.08,2.45,3.86,2.32,2.28,3.16,1.63,0.35,0.93,2.43,1.75,1.06,1.19,1.46,3.22,2.54,1.55525787006028,0.0455941146115419
"18195","ENSG00000205309",4.24,5.31,9.88,3.88,7.13,4.11,4.8,4.92,7.67,10.03,9.65,5.81,9.2,6.97,5.89,9.45,9.12,4.4,0.736528644356211,0.0489416982040288
"18422","ENSG00000206346",2.81,2.35,1.92,2.01,0.6,1.39,2.78,2.95,1.69,3.32,3.16,2.98,3.37,1.85,2.76,2.71,3.11,1.7,0.741185897435897,0.0436619608867942
"18839","ENSG00000212747",19.6,17.58,21.1,20.32,20.9,16.8,22.49,22.48,23.58,16.92,20.06,16.83,23.66,12.05,14.83,15.87,16.09,21.11,1.17424723669165,0.0473326650127324
"18850","ENSG00000212907",6488.57,8324.7,6922.69,5687.12,7367.44,3705.36,9764.45,8326.98,7737.57,7470.04,6969.26,8345.01,8028.5,7452.9,10822.5,14077.4,9178.86,10330.2,0.778048222024956,0.0490613322452422
"18970","ENSG00000213186",19.82,22.46,13.64,23.78,12.56,18.86,12.26,13.79,15.89,10.18,10.7,12.24,19.33,10.51,19.41,8.15,11.99,8.86,1.37433779294244,0.0351340789602649
"18991","ENSG00000213221",2.45,4.33,7.61,3.51,1.46,3.93,3.34,4.84,7.84,8.68,11.09,7.69,9.09,4.28,2.97,8.33,9.74,4.76,0.589974485967282,0.0198276088468041
"19000","ENSG00000213235",0.13,1.1,1.22,0.73,0.67,0.11,1.34,0.55,0.22,0.14,0.15,0.31,0.25,0.36,0.39,0.53,0.25,0.34,2.23161764705882,0.0465459965871747
"19422","ENSG00000214102",0.56,0.78,1.49,0.33,1.38,0.3,0.62,1.14,0.41,0.96,1.2,1.71,1.54,1.07,1.08,0.72,1.01,1.8,0.632100991884581,0.0336437808749255
"19751","ENSG00000215146",19.55,8.1,11.78,16,24.45,6.49,15.69,20.68,16.87,4.67,7.98,8.8,12.3,7.84,15.16,7.34,4.37,14.01,1.69285800897296,0.0169741361327869
"20285","ENSG00000219200",98.71,120.71,145.36,83.31,115.35,167.98,117.48,128.72,127.26,215.71,164.42,143.9,171.59,118.37,97.49,177.34,167.54,151.06,0.785039291753705,0.0312789770958739
"20551","ENSG00000221968",10,13.11,20.38,10.34,15.24,11.47,14.58,21.47,17.76,28.96,25.21,16.56,29.01,16.55,12.12,24.12,28.96,10.47,0.699885392790164,0.0438036275284983
"20775","ENSG00000223766",7.14,13.04,0.74,14.85,9.67,9.05,1.03,16.87,8.4,0.88,1,0.89,8.1,7.05,0.71,7.7,9.49,0.95,2.19717160728855,0.0477224677842057
"20961","ENSG00000224156",138.54,226.46,154.47,287.43,181.63,267.06,125.22,292.79,416.33,116.64,161.09,116.21,158.68,94.47,5.81,235.1,113.51,191.94,1.75116678537015,0.0202291764912197
"21364","ENSG00000224994",2.18,2.43,1.59,2.28,3.31,1.69,1.9,3.11,3.11,3.05,4.36,4.04,3.39,3.25,2.63,3.14,2.44,2.48,0.750521195274496,0.019869803992162
"22521","ENSG00000227470",42.17,38.83,58.24,41.89,31.24,3.93,17.62,38.28,44.14,16.56,35.51,21.16,12.52,10.94,36.31,17.47,25.16,19.27,1.62308876346845,0.0464566384502665
"22883","ENSG00000228253",8570.86,11120.9,8301.65,9138.95,9674.33,7240.9,11772.9,8910.82,8288.58,10489.1,10389,13845.7,10040.5,13875.2,12123.6,12990.7,9431.63,12285.4,0.787136026141067,0.00388475374326054
"23051","ENSG00000228681",3.97,5.61,5.13,2.42,5.6,1.8,4.66,4.46,3.15,2.06,4.41,2.15,2.04,0.99,1.51,3.53,3.69,4.08,1.50449713818479,0.0400672696883371
"23216","ENSG00000229018",0.32,1.25,2.4,1.31,1.22,0.44,1.13,1.28,1.95,1.87,1.18,3.02,1.97,1.32,2.52,2.32,1.53,2.8,0.609821910415542,0.0184214022202766
"23528","ENSG00000229684",138.54,226.46,154.47,287.43,181.63,267.06,125.22,292.79,416.33,116.64,161.09,116.21,158.68,94.47,5.81,235.1,113.51,191.94,1.75116678537015,0.0202291764912197
"23646","ENSG00000229929",2.18,2.43,1.59,2.28,3.31,1.69,1.9,2.63,3.11,3.53,6.28,3.76,3.38,3.25,2.63,3.14,2.02,2.48,0.693140794223827,0.0409655812296271
"23741","ENSG00000230143",9.48,10.35,9.52,6.32,11.85,7.25,12.06,12.58,10.45,12.58,15.7,13.05,13.13,9.27,9.5,14.17,13.05,9.69,0.815870710005448,0.0446815515510777
"23830","ENSG00000230308",2.18,2.43,1.59,2.28,3.31,1.69,1.9,2.63,3.11,3.05,4.36,4.07,3.78,3.25,2.63,3.14,2.02,2.48,0.733842946490619,0.0188504525698846
"24726","ENSG00000232280",6.87,8.8,7.52,4.73,9.3,5.44,10.63,9.6,8.33,11.13,14.03,22.17,11.93,9.52,7,12.27,21.72,6.86,0.610649061133499,0.0292418293673691
"24748","ENSG00000232339",1.05,1.29,1.09,1,1.41,1.05,1.33,1.69,0.95,2.2,1.92,1.65,1.22,1.54,1.18,1.47,1.33,1.38,0.781857451403888,0.0278249527625248
"24792","ENSG00000232421",138.54,226.46,154.47,287.43,181.63,267.06,125.22,292.79,416.33,116.64,161.09,116.21,158.68,94.47,5.81,235.1,113.51,191.94,1.75116678537015,0.0202291764912197
"24807","ENSG00000232450",5.12,3.92,4.01,3.06,7.43,5.51,8.25,4.08,4.9,3.19,4.28,2.85,3.67,2.6,2.21,3.88,3.89,2.77,1.57736877982277,0.0112918847753913
"24861","ENSG00000232575",138.54,226.46,154.47,287.43,181.63,267.06,125.22,292.79,416.33,116.64,161.09,116.21,158.68,94.47,5.81,235.1,113.51,191.94,1.75116678537015,0.0202291764912197
"24988","ENSG00000232839",2.18,2.43,1.59,2.28,3.31,1.69,1.9,2.63,3.11,3.05,4.36,4.07,3.78,3.25,2.63,3.14,2.02,2.48,0.733842946490619,0.0188504525698846
"25328","ENSG00000233564",7.14,13.04,0.74,14.85,9.67,9.05,1.03,16.87,8.4,0.88,1,0.89,8.1,7.05,0.71,7.7,9.49,0.95,2.19717160728855,0.0477224677842057
"25590","ENSG00000234114",1.77,0.71,1.75,2.51,4.22,5.61,0.36,4.76,5.86,0.22,0.07,3.55,0.76,0.54,2.49,0.12,0.84,0.1,3.17031070195627,0.0225212895222479
"25822","ENSG00000234616",12.85,12.79,20.84,17.78,17.47,7.08,9.29,12.93,18.55,6.39,10.71,7.31,15.88,5.49,11.57,13.61,11.65,9.84,1.40162249864792,0.0464656033476052
"26020","ENSG00000235067",138.54,226.46,154.47,287.43,181.63,267.06,125.22,292.79,416.33,116.64,161.09,116.21,158.68,94.47,5.81,235.1,113.51,191.94,1.75116678537015,0.0202291764912197
"26111","ENSG00000235241",2.38,8.02,4.78,1.71,4.12,3.85,5.89,5.43,3.9,6.37,7.18,8.77,6.06,3.15,4.61,10.16,8.26,12.84,0.594658753709199,0.0206597995259654
"26305","ENSG00000235661",0.46,1.4,0.92,1.13,0.61,0.18,0.25,0.23,1.68,0.2,0.24,0.53,0.48,0.19,0.44,0.22,0.23,0.25,2.46762589928058,0.0395250447525008
"26572","ENSG00000236252",3.16,2.01,2.18,0.41,3.32,1.58,1.86,2.39,1.49,0.91,0.6,0.96,1.14,0.93,2.49,1.11,1.39,1.58,1.65616561656166,0.0356512995015362
"26649","ENSG00000236428",22.66,13.36,18.5,19.63,16.26,39.31,17.44,16.04,14.1,8.36,7.14,11.77,16.38,6.13,13.25,6.71,15.06,17.75,1.72891272549976,0.0168286800989195
"27176","ENSG00000237550",151.89,89.22,163.14,180.43,233.41,231.09,200.15,130.66,96.29,59.13,135.47,136.18,90.14,152.82,78.98,71.34,113.23,114.17,1.55159439177685,0.0142126727510244
"27378","ENSG00000237973",6.49,9.37,6.25,5.85,6.38,3.45,3.56,7.26,5.86,8,6.89,14.34,7.38,8.22,8.96,10.02,7.66,11.81,0.654058597502401,0.00640501103758179
"27481","ENSG00000238196",1.05,1.23,1.11,1.08,1.41,1,1.54,1.92,0.82,2.37,2.26,2.01,1.7,1.88,1.03,1.6,1.71,1.17,0.709472345835982,0.0158814638733871
"27618","ENSG00000239557",0.83,1.04,0.5,1.03,0.61,1.31,0.55,1.16,0.54,0.44,0.36,0.63,0.6,0.14,0.79,1.14,0.45,0.18,1.60042283298097,0.0449134927889557
"28427","ENSG00000242615",10.41,5.1,11.85,8.67,12.72,17.04,10.52,7.68,4.87,5.72,8.23,5.96,6.93,4.91,7.14,7.1,6.49,7,1.49394754539341,0.0354796057930669
"28569","ENSG00000243199",4.73,4.77,5.77,4.24,3.99,2.55,3.23,4.59,4.85,4.34,2.85,2.63,4.91,3.41,3.28,1.55,3.66,3.37,1.29066666666667,0.0482888473830142
"28891","ENSG00000244398",919.3,503.45,381.74,690.22,514.72,595.84,544.53,436.81,435.93,350.72,420.68,514.54,234.42,483.97,334.6,180.06,377.09,321.57,1.56093422218078,0.00852024600862171
"29346","ENSG00000249072",1684.4,1568.27,1257.72,1317.35,1808.43,1384.17,1369.32,1945.25,1872.88,847.87,856.17,1423.92,867.73,396.94,1616.81,955.78,1734.22,1245.11,1.42870114786491,0.0142360589683983
"29785","ENSG00000250420",3.51,3.47,2.47,3.34,3.6,5.67,0.3,3.21,8.08,1.03,1.82,0.98,0.57,0.14,3.1,2.99,1.47,0.74,2.62071651090343,0.013335341781804
"30410","ENSG00000253537",10.9,11.55,1.26,4.47,8.82,0.85,6.89,4.14,2.34,12.21,5.36,12.06,12.78,9.85,5.97,18.15,11.69,4.59,0.552773580833153,0.0338836253768596
"30487","ENSG00000253731",7.33,3.85,0.35,2.28,8.71,0.93,4.53,1.87,3.17,6.26,9.35,8.41,5.41,6.82,4.31,7.43,8.04,1.19,0.577070954211814,0.0475164827119225
"31023","ENSG00000254996",17.22,17.95,21.88,19.79,19.39,26.65,16.79,21.33,26.31,14.1,13.47,19.08,20.91,10.45,17.77,13.25,20.5,16.18,1.28549859309588,0.0157938998099788
"31066","ENSG00000255085",3.95,5.59,2.78,1.13,5.75,1.55,7.62,4.8,2.78,6.28,5.2,6.84,6.46,10.44,3.15,7.29,6.6,11.67,0.56233380259659,0.0133468942524292
"31392","ENSG00000256060",24.95,21.91,17.42,15.19,17.93,19.48,17.5,18.47,16.53,27.39,26.29,19.87,16.79,27.35,19.65,23.11,19.92,26.06,0.820520273216102,0.0255775998934643
"31512","ENSG00000256667",9.94,7.14,9.46,9.36,7.34,8.53,9.31,9.2,10.28,4.71,6.86,6.9,8.24,6.17,10.75,5.74,6.43,6.09,1.3016642430118,0.00923933805384378
"31934","ENSG00000258500",2.92,4.05,3.02,1.81,8.29,3.95,5.6,4.35,2.39,0.84,2.1,2.22,3.63,2.37,0.99,0.93,1.79,5.19,1.8135593220339,0.040221059031171
"32151","ENSG00000259024",8.28,17.41,8.7,3.97,11.04,1.57,7.75,8.26,4.8,11.13,7.99,10.71,11.49,19.49,10.29,14.51,16.92,11.99,0.626790080335313,0.0267244756493805
"32255","ENSG00000259316",17.31,26.08,22.75,21.08,10,37.6,26.79,6.13,19.06,22.43,16.48,10,0.56,2.43,5.45,19.09,5.93,13.38,1.9509138381201,0.0235558023003046
"32334","ENSG00000259556",2.1,2.63,1.73,1.2,1.19,2.15,1.27,1.55,1.1,0.82,1.23,1.03,1.05,0.8,1.84,1.12,1.56,1.25,1.39439252336449,0.0436288100049596
"32744","ENSG00000261371",1.09,0.65,0.67,1.11,1.08,0.88,1.04,0.15,0.12,1.95,1.3,1.18,1.29,1.27,1.57,0.89,2.08,0.56,0.5616211745244,0.0115968994229148
"33027","ENSG00000262788",20.63,19.75,33.23,20.97,16.48,44.63,26.26,22.17,30.57,31.17,15.97,12.89,14.57,15.39,8.56,14.75,13.63,16.8,1.63285326654143,0.0133456352978225
"33075","ENSG00000263042",0.56,0.78,1.49,0.33,1.38,0.3,0.62,1.14,0.41,0.96,1.2,1.71,1.54,1.07,1.08,0.72,1.01,1.8,0.632100991884581,0.0336437808749255
"33457","ENSG00000266907",0.51,0.9,0.08,0.53,0.94,0.41,0.65,0.34,0.48,0.14,0.45,0.26,0.15,0.14,0.16,0.33,0.23,0.27,2.27230046948357,0.0100715686754797
"33763","ENSG00000268235",0.68,1.13,0.28,0.21,1.09,1.33,1.29,1.21,0.29,0.82,2.35,0.6,2.03,0.92,1.52,1.27,1.85,2.92,0.525910364145658,0.026145269417224
"34007","ENSG00000269837",50.47,31.27,42.22,57.01,50.97,55.83,40.53,42.72,45.35,20.8,50.56,41.12,29.02,32,37.97,42.58,38.51,43.52,1.23890145203523,0.0412655127063439
"34016","ENSG00000269896",4.31,1.92,2.28,3.86,2.53,3.53,2.57,2.39,3.64,3.75,2.33,6.54,9.88,5.14,4.25,12.25,7.83,6.79,0.46000680735194,0.00951708506937363
"34323","ENSG00000270773",2.82,3.28,2.55,2.78,3.15,2.73,5.65,4.9,3.7,0.97,1.51,3.47,3.11,0.94,1.64,1.37,1.03,1.83,1.98865784499055,0.00205657962505789
"34845","ENSG00000272220",3.19,27.57,38.65,40.1,4.38,11.69,67.94,32.19,4.62,10.32,1.74,3.96,14.62,0.24,0.76,2.74,9.95,16.46,3.78894555025498,0.0335525517805671
"35101","ENSG00000273780",4.78,5.73,13.11,1.87,3.79,1.93,6.26,5.89,4.1,11.23,16.97,7.26,7.99,6.61,8.69,9.37,6.23,8.27,0.57443718228032,0.0237251863488651
"35545","ENSG00000274911",1.04,1.13,3.7,1.52,2.58,1.41,3.44,3.67,2.2,4.95,3.13,2.37,5.88,1.74,2.67,5.45,3.65,3.63,0.618165521362414,0.0319678804627387
"35601","ENSG00000275035",26.04,24.5,26.76,20.73,22.7,20.67,29.15,34.21,42.47,42.44,39.35,31.41,32.24,16.74,32.26,36.03,46.98,42.34,0.773101097595297,0.0497934122398219
"35825","ENSG00000275581",30.16,32.49,18.94,31.83,20.54,23.61,22.44,30.35,22.15,22.81,47.07,35.09,33.91,47.12,28.98,28.29,29.34,39.4,0.745200474343771,0.0195010684289228
"36024","ENSG00000276061",6.08,9.97,16.22,8.63,9.32,7.84,3.67,10.31,9.46,15.65,15.48,15.14,16.75,4.41,12.47,15.3,15.48,9.3,0.679279879979997,0.0277785379292108
"36339","ENSG00000276848",0.89,1.29,1.07,0.8,1.35,1.28,1.21,1,1.28,0.9,0.79,1.27,0.59,0.13,0.84,0.85,0.83,1,1.4125,0.0178834690514062
"36406","ENSG00000277005",18,17.64,19.92,21.59,24.78,21.37,14.8,12.89,15.69,7.66,13.8,8.99,21.07,11.62,20.47,10.73,7.88,19.89,1.36499877159938,0.0430467884644797
"36571","ENSG00000277424",15.64,20.8,19.88,11.39,19.15,16.37,22.77,15.32,14.83,28.54,25.06,23.38,22.18,30.31,17.39,26.97,20.73,19.37,0.729911653344552,0.00349385887975921
"37004","ENSG00000278530",0.64,0.71,0.9,0.41,0.41,0.56,0.67,0.56,0.61,0.51,0.41,0.51,0.51,0.47,0.46,0.3,0.49,0.33,1.37092731829574,0.0136727414109774
"37191","ENSG00000279119",18,17.64,19.92,21.59,24.78,21.37,14.8,12.89,15.69,7.66,13.8,8.99,21.07,11.62,20.47,10.73,7.88,19.89,1.36499877159938,0.0430467884644797
"37453","ENSG00000280606",108.33,125.91,125.69,127.52,113.81,167.6,127.83,105.9,127.11,99.08,111.2,103.12,94.9,88.25,102.37,94.19,107.18,76.68,1.2881854567431,0.00143285766948067
"38310","ENSG00000282619",3.95,5.59,2.78,1.13,5.75,1.55,7.62,4.8,2.78,6.28,5.2,6.84,6.46,10.44,3.15,7.29,6.6,11.67,0.56233380259659,0.0133468942524292
"38519","ENSG00000282947",224.44,189.95,233.05,343.2,213.66,309.36,276.54,256.92,293.86,154.41,201.54,198.86,269.9,174.69,263.74,188.7,220.35,197.74,1.25190782542662,0.0244166190413945
