"","GeneFeature","X10_3651","X13_4506B","X16_9319","X19_9429_6120","X26_2038A","X28_2038B","X2_BJ2A","X31_1792A","X34_1792E","X39_1835_3","X43_2497B","X7_3440","FoldChange","p.value"
"39","ABCA13",32,84,34,37,101,128,9,59,83,108,66,44,2.27083333333333,0.00621383430133894
"42","ABCA3",4668,4274,4226,3217,2686,2770,5127,3331,2921,3487,2003,2792,0.707620144832126,0.0220357248836373
"73","ABCD2",118,197,176,97,37,69,86,39,74,53,17,201,0.330285714285714,0.00406510372165009
"74","ABCD3",4903,4523,5836,3691,4000,4551,6160,3398,3825,4226,2818,4159,0.779516261273572,0.0480125534267632
"98","ABHD2",5619,4721,4987,4170,3638,4002,5417,3832,3919,4011,3737,4189,0.795072672920317,0.00924051733332717
"100","ABHD4",2294,2109,2760,1225,1368,1794,2612,1286,1018,1462,1513,1575,0.671252485089463,0.036365729032824
"107","ABI3BP",23,11,10,20,19,90,21,113,64,51,61,11,4.14583333333333,0.0118846807067946
"111","ABLIM2",421,198,309,211,158,238,387,235,271,120,50,272,0.596218020022247,0.0382376454700966
"189","ACSBG1",546,862,1209,316,324,609,605,608,262,409,68,864,0.517946388005452,0.0472649086192972
"247","ACYP2",270,181,347,145,125,163,385,142,188,145,97,205,0.56099151989563,0.0337408523615577
"265","ADAM23",1063,756,866,607,462,693,946,583,655,648,467,675,0.714024017911663,0.0201803803104093
"283","ADAMTS15",2303,1860,1196,958,905,1025,3203,1489,923,666,237,1201,0.489226751235892,0.0497493997000008
"295","ADAMTS8",15,21,9,10,2,5,15,5,6,12,2,10,0.4,0.00806157578466955
"328","ADCYAP1R1",4287,3873,8378,1947,661,2384,7372,4444,2534,1191,597,6021,0.370506305288914,0.0185768978523188
"346","ADM",291,208,46,322,801,186,55,483,373,954,1398,47,4.32920536635707,0.0298294728103089
"410","AGFG2",594,530,566,459,461,450,772,376,357,421,431,452,0.739994070560332,0.0270325801441453
"427","AGRN",37179,27364,34538,23312,24371,33039,44233,18757,20654,21116,20817,27350,0.715315296737741,0.0396608815605454
"476","AK8",56,53,75,30,31,36,68,56,46,22,17,69,0.592592592592593,0.023754834516882
"512","AKR7A2P1",2,6,3,4,8,9,5,14,11,14,4,4,2.5,0.0105666742519271
"584","ALPK2",928,1154,106,1672,3684,1731,236,1464,685,4085,4016,466,3.43380096448926,0.0274152353521936
"610","AMIGO1",322,255,242,252,148,202,168,182,197,150,76,256,0.638795986622074,0.00868421084438656
"668","ANKLE1",73,23,55,58,85,60,69,53,86,103,83,32,1.51612903225806,0.0379450646514526
"699","ANKRD27",939,488,506,788,842,681,702,858,815,1076,1012,555,1.32830568124686,0.0432765651778564
"733","ANKRD56",10,8,2,2,9,15,1,8,12,22,7,4,2.7037037037037,0.0219331497334288
"740","ANKRD9",559,314,299,154,90,191,575,199,235,268,216,352,0.532179316466933,0.0458735716802931
"766","ANTXR2",8533,4319,5377,5516,3125,2965,2842,3852,3975,2119,2513,4646,0.59389107674575,0.0405440532892843
"818","APAF1",2516,1355,1416,2136,2531,2065,1735,2401,2868,2560,2707,1510,1.41844769403825,0.00904191243936433
"826","APC",7801,8669,9692,5929,5189,7835,12404,6668,6789,4881,2788,8800,0.640773055633737,0.019485212760229
"903","AQPEP",35,22,31,16,12,23,22,19,22,16,4,27,0.627450980392157,0.0408724621844303
"983","ARHGEF3",353,480,512,295,288,262,503,306,212,277,327,301,0.684124386252046,0.0259967120598825
"993","ARHGEF9",3404,2790,3592,2368,1895,2397,3001,2413,2500,1806,1285,2534,0.695121261801119,0.00858839025220571
"997","ARID3A",364,102,150,358,398,268,230,344,357,311,431,153,1.55416359616802,0.0433325256259841
"1077","ARSD",539,791,640,592,422,413,643,485,473,440,307,336,0.717311493928269,0.0419628329481876
"1088","ART5",36,2,7,18,29,50,14,19,35,18,32,15,1.98913043478261,0.0491077306480634
"1123","ASCL1",3814,2896,4355,2483,1540,2757,3348,3200,2993,1015,730,3070,0.612791745968146,0.0363125936067111
"1155","ASTN1",1066,1007,2212,1493,536,1498,2105,289,577,395,92,1809,0.349463475030953,0.00466452501180127
"1180","ATF7IP2",130,57,60,82,129,131,104,110,95,128,124,56,1.46625766871166,0.0266454341172845
"1215","ATP11C",1559,666,577,1304,1346,1081,761,1254,1340,1848,1632,702,1.52648590411205,0.0371122477250358
"1228","ATP1B2",2611,8380,11098,2200,1702,5003,9381,2515,1980,1600,820,6147,0.342064947133134,0.0316527362495717
"1235","ATP2B2",509,482,595,251,99,436,1127,351,469,72,13,565,0.408047605553981,0.0393846785797175
"1274","ATP6V0E2",4139,2958,3725,2331,2329,2298,3872,2720,2884,2372,1658,2420,0.733401902802777,0.0448900137115749
"1295","ATP8B3",35,4,12,23,22,36,7,62,27,36,28,13,2.24468085106383,0.0268454991553152
"1325","AURKA",3169,1038,1115,2311,2998,1774,1570,3018,3014,2619,2509,1109,1.54499612102405,0.0486217515361461
"1361","B3GAT2",135,104,80,96,36,34,16,96,75,4,1,153,0.421232876712329,0.0489874970314222
"1370","B3GNT8",16,4,6,7,12,13,4,12,24,11,29,6,2.34883720930233,0.0285329470286815
"1384","B7H6",848,601,559,851,1051,935,734,731,793,1092,729,545,1.28830352827453,0.0462743444819353
"1410","BAI2",10864,8557,11151,6871,3497,5409,15247,7119,8048,5032,4153,7920,0.548721333113348,0.0126481675664803
"1411","BAI3",1864,1585,2406,1300,1166,1575,2142,1805,1505,1154,480,1850,0.689423163182919,0.0431788994872058
"1413","BAIAP2L1",94,27,31,100,159,110,24,79,77,129,154,59,2.1134328358209,0.0117140348163109
"1417","BAMBI",249,242,212,113,48,88,208,140,139,147,218,182,0.646766169154229,0.0459743114668703
"1451","BCAN",1861,10283,23163,1840,368,3044,21166,505,335,122,9,7356,0.0667438212855381,0.0430322434249417
"1560","BK250D10.8",96,46,95,82,43,77,81,46,41,33,28,54,0.590308370044053,0.0195288773903454
"1586","BMP8A",159,62,124,200,92,108,202,86,118,82,5,133,0.557954545454545,0.0391810321878491
"1616","BORA",1093,385,420,937,1069,823,408,1234,1308,962,630,502,1.60907877169559,0.043312857679516
"1664","BRP44L",1431,1731,2645,916,1060,1375,1880,911,962,936,409,1148,0.579735411752641,0.0435384290216111
"1754","C10orf26",3884,3080,4711,3122,2806,3301,3374,2943,2998,2478,2773,3764,0.788648279006154,0.0259633011513226
"1981","C16orf45",4992,6648,7102,4401,4596,4116,7040,3066,3791,3949,2366,3767,0.64459499263623,0.0185337062201382
"2021","C17orf107",31,11,18,16,32,29,22,24,27,36,23,21,1.43697478991597,0.0311160876724739
"2058","C17orf78",4,2,5,1,1,1,5,1,1,1,1,1,0.333333333333333,0.0493130876736526
"2068","C17orf91",144,91,66,92,213,191,130,154,93,252,185,78,1.81031613976705,0.0128482702265824
"2081","C18orf32",971,705,1000,603,508,649,895,578,619,567,503,546,0.725423728813559,0.0411877158704818
"2107","C19orf35",7,7,8,8,3,5,7,2,2,9,3,6,0.558139534883721,0.0331286447220776
"2109","C19orf39",51,35,40,32,58,59,43,44,60,49,44,38,1.31380753138075,0.0127310543399431
"2130","C19orf66",179,121,121,197,195,153,124,157,212,276,297,94,1.54306220095694,0.0309020865965437
"2205","C1orf183",1524,4804,4326,998,779,1435,4588,1079,968,1248,662,1700,0.343979933110368,0.0405081358237097
"2240","C1orf61",6270,6442,9863,2608,3016,6999,12976,4309,3523,3750,422,7264,0.48475441956718,0.0480071535789778
"2254","C1orf95",225,300,451,122,32,146,212,113,116,29,20,357,0.273545290941812,0.00625445301558986
"2326","C21orf88",52,80,99,39,47,47,71,23,35,24,16,53,0.487309644670051,0.0117553458092928
"2472","C4orf38",11,10,1,2,13,25,10,14,11,10,14,4,2.28947368421053,0.0178602492317205
"2516","C5orf53",105,113,154,96,89,92,118,80,89,74,107,147,0.724420190995907,0.0147025729096537
"2524","C5orf64",16,5,49,26,61,85,47,21,62,113,75,17,2.60625,0.0176681544114285
"2526","C6orf1",468,455,392,283,244,336,518,254,273,362,314,312,0.734349258649094,0.0373374740341623
"2550","C6orf154",131,103,212,77,48,101,172,111,117,60,57,123,0.603911980440098,0.0488321867347341
"2620","C7orf52",62,90,91,38,36,64,77,19,40,25,31,54,0.521844660194175,0.0132011512514093
"2640","C7orf74",953,561,646,753,851,970,821,703,891,1143,1172,669,1.30138541903248,0.0399529613527931
"2649","C8orf34",10,29,15,8,4,3,14,9,5,9,7,31,0.345794392523365,0.0320008953686815
"2711","C9orf171",104,84,143,35,25,58,85,75,67,29,19,129,0.470689655172414,0.0231556001871489
"2712","C9orf172",128,172,135,75,45,75,261,113,104,69,81,135,0.537527593818985,0.0400630519622329
"2728","C9orf43",8,4,7,14,11,12,2,21,17,13,10,13,1.75,0.0437448607672323
"2739","C9orf68",40,34,60,39,13,41,60,45,34,16,7,37,0.577777777777778,0.0433649900536041
"2783","CABP7",598,1711,1031,463,147,269,560,114,122,134,119,396,0.190166001260769,0.0254498287216644
"2802","CACNB2",1118,1004,1380,896,730,1229,1606,745,871,334,174,1275,0.560928698997115,0.0199007793657138
"2805","CACNG1",35,19,57,23,10,18,66,18,33,13,8,35,0.425531914893617,0.0315814280646329
"2816","CADM2",1608,922,1150,1325,826,719,2296,1003,1291,900,308,1118,0.599477372609574,0.0462311254911638
"2817","CADM3",4343,2552,4045,2624,1677,2886,4233,2631,2911,1236,970,2547,0.605141565080614,0.0253310122192617
"2819","CADPS",1270,1052,1028,850,336,626,950,835,875,745,294,1081,0.595570534424651,0.00738363021959829
"2890","CAPS",124,87,108,71,70,62,92,81,68,88,49,85,0.737213403880071,0.0276910737267879
"2897","CARD10",335,196,210,164,523,286,190,268,244,325,456,155,1.6816,0.0285725632436047
"2940","CASZ1",270,158,173,173,293,278,194,365,246,346,355,226,1.57705192629816,0.00141153704710628
"2994","CCDC103",291,288,327,263,189,269,411,116,161,199,96,448,0.507889546351085,0.001998081737899
"3019","CCDC13",71,32,67,33,27,32,38,35,32,13,6,53,0.493197278911565,0.0177495209111927
"3111","CCDC75",291,242,235,228,221,208,266,237,215,204,127,226,0.814516129032258,0.0384279217154123
"3178","CCNB1",8935,2524,3183,6403,8348,5193,3361,9458,9599,7606,5749,2933,1.68085884633674,0.039144767627884
"3180","CCNB2",3960,1154,1398,3192,3490,2354,1438,4403,4419,3372,2923,1483,1.66027722772277,0.0411229326186831
"3190","CCNG1",6169,3055,3208,5690,6366,5095,3030,6557,6000,8216,9015,3143,1.6978390615353,0.00743378432140631
"3333","CDC20",5861,1530,1612,3851,4692,2827,2754,5863,6163,5017,4444,1696,1.67625982431808,0.0479673084824795
"3371","CDH10",625,915,1251,557,444,757,649,220,493,358,210,669,0.531933133304758,0.0239568464901152
"3393","CDHR1",568,374,576,192,121,264,537,484,333,239,220,483,0.608424908424908,0.047983405282671
"3397","CDHR5",45,28,42,37,23,41,51,21,29,24,15,34,0.645569620253165,0.0176371152025698
"3474","CEACAM19",74,58,42,57,84,81,57,79,74,78,68,58,1.34104046242775,0.0033468767857229
"3590","CFD",11,3,8,14,4,2,10,6,5,2,3,8,0.407407407407407,0.014592383138795
"3641","CHD5",163,217,118,72,38,104,301,52,71,42,18,198,0.304022450888681,0.0109202497521248
"3646","CHDH",157,180,186,128,87,111,138,70,112,143,63,99,0.65990990990991,0.0202446396692892
"3719","CHST3",8780,6813,7191,4943,4064,5616,7492,7131,5530,4991,3281,6605,0.731948163733741,0.0318454130948586
"3786","CLCN2",599,442,513,300,265,336,648,384,371,359,137,376,0.643502432244614,0.0299445085291638
"3811","CLDN4",6,5,15,9,8,23,7,58,54,43,15,9,3.94117647058824,0.0328330578207402
"3832","CLEC2B",8,12,19,18,87,53,7,16,35,53,15,6,3.7,0.0359111654924063
"3877","CLOCK",702,433,339,644,793,650,526,575,807,825,670,591,1.33539412673879,0.0275492128690447
"3901","CLVS2",147,150,244,186,106,137,283,123,139,88,53,186,0.540133779264214,0.00706439493254127
"3936","CNIH4",1094,552,643,883,1064,889,835,901,939,1370,1180,486,1.41175161362119,0.030283953033125
"3940","CNN1",100,63,73,83,115,176,41,161,111,168,344,39,2.69423558897243,0.0217721764004603
"3984","CNTRL",1948,894,1072,1500,2093,1750,955,1665,2235,1666,1336,1195,1.42054468535167,0.0311734174544081
"4021","COL28A1",18,37,30,14,6,9,39,12,19,11,6,31,0.372781065088757,0.00590593574358152
"4041","COL7A1",410,126,194,278,372,360,197,297,363,502,656,165,1.86131386861314,0.0170077925388828
"4044","COL9A1",563,120,254,243,389,415,340,525,659,408,533,333,1.58067997841338,0.0380008914867967
"4094","CORO2A",81,17,12,44,89,60,18,47,76,37,153,9,2.5524861878453,0.0489553746053493
"4141","CPEB4",2121,2334,2684,1544,1554,1863,2622,1572,1753,1164,770,2116,0.646449593919976,0.00769741672957342
"4285","CSGALNACT1",175,619,528,185,188,277,540,99,94,48,40,226,0.328200615926089,0.0273158170048319
"4293","CSMD3",704,300,502,468,217,220,560,506,537,157,28,479,0.552605376700962,0.0494170533027032
"4377","CTCFL",7,7,5,17,27,14,2,19,24,31,62,4,4.21428571428571,0.0214493015776821
"4398","CTNND2",9978,8171,11237,7515,6026,7967,11977,6160,7104,5680,6463,7046,0.704527573134969,0.0198052645265053
"4419","CTSL2",452,369,704,411,297,475,407,211,411,332,260,590,0.677122400272758,0.0409492793544159
"4509","CXorf64",29,85,107,4,2,14,98,1,1,1,1,55,0.0529100529100529,0.01555119287191
"4525","CYBA",69,99,5,10,120,182,5,153,243,159,85,16,4.61764705882353,0.00144382915576025
"4617","D2HGDH",624,424,536,520,360,463,522,363,394,473,438,496,0.79788597053171,0.0109740824650782
"4630","DAG1",15939,14278,15508,10233,8366,9060,18691,10330,10344,11727,9384,10097,0.698687843674038,0.0262009604243963
"4646","DARC",277,185,244,113,110,183,229,188,173,57,42,194,0.606280193236715,0.0445891991955388
"4703","DCLK1",6731,10183,8160,4601,4450,4548,7462,4359,5672,7420,3009,6133,0.680795008088745,0.0429834947567235
"4711","DCP1B",793,534,649,594,834,972,713,711,724,709,707,555,1.21339239187077,0.0458013210207955
"4723","DCTN6",1745,1490,1898,1199,1222,1344,1892,1140,1263,1353,1018,1284,0.771981489272192,0.0331941552275065
"4727","DCUN1D3",365,191,223,273,353,287,273,287,334,413,335,248,1.27717736808646,0.0417375000203881
"4748","DDR1",36096,28107,37069,23388,22337,28171,36620,22872,22649,20607,11447,26998,0.680286597478197,0.0124726219057085
"4795","DDX60L",62,58,38,69,108,134,59,94,68,159,251,46,2.45180722891566,0.0280820392542447
"4916","DHFRL1",541,360,507,438,378,446,483,350,428,388,380,458,0.85037674919268,0.0461132456154175
"4991","DKFZp451B082",71,62,117,53,19,63,57,31,29,22,6,103,0.367170626349892,0.00515541994919305
"5071","DNAH9",111,53,176,62,30,37,87,36,89,32,19,193,0.356304985337243,0.0271805172013861
"5084","DNAJB2",3003,2220,2623,1841,1537,1887,2643,1762,1725,1944,1442,1759,0.730853857619419,0.0240496835474683
"5105","DNAJC21",1328,799,716,1186,1442,1107,950,943,1195,1560,1814,821,1.3898275862069,0.0464057526701695
"5129","DNASE2",769,578,788,611,388,513,790,525,477,587,593,539,0.756564417177914,0.017531029716221
"5159","DOCK2",58,28,15,22,74,19,11,46,73,95,40,19,2.26797385620915,0.0396921597798921
"5194","DPH3P1",63,40,52,41,40,33,63,33,24,35,24,36,0.640677966101695,0.013535824265338
"5199","DPP10",732,674,830,930,601,713,1276,305,514,637,445,692,0.626217374366965,0.0186369276730558
"5223","DPYD",494,566,220,763,916,703,340,460,671,703,638,268,1.54319124858544,0.0445876202119599
"5237","DRD4",7,12,12,7,12,25,19,25,15,20,17,8,1.75384615384615,0.0180097702976765
"5249","DSCAML1",75,52,55,43,13,36,64,23,61,20,5,62,0.45014245014245,0.00885230944985198
"5271","DTHD1",72,192,181,9,16,46,82,129,12,3,1,199,0.281632653061224,0.0476735248559717
"5283","DTX4",13039,4537,4657,9701,14396,11448,8386,9655,13878,19800,10434,4536,1.7748127340824,0.0196458027142276
"5295","DUSP10",335,305,518,305,131,258,543,165,202,202,97,337,0.450277422108408,0.00319447707784794
"5302","DUSP18",459,364,430,273,213,276,348,288,304,250,225,344,0.701532912533814,0.00773990176771738
"5312","DUSP4",2473,1625,940,1992,4226,1720,2133,1912,2489,4587,3436,910,1.82368708428472,0.0396178119869393
"5378","EBF4",1436,879,1284,1078,748,961,1379,700,1007,758,690,831,0.706258167562073,0.0233893564742386
"5417","EDN1",14,7,11,33,50,21,13,33,38,90,131,18,3.78125,0.0476556577787924
"5433","EEF2K",1860,2987,2873,1672,1468,1563,2641,1098,1066,1996,1944,1571,0.671493678329903,0.0399951494109037
"5455","EFHD2",1418,1568,1150,905,777,872,1677,982,896,924,1020,887,0.71939513477975,0.0490600698369453
"5588","ELOVL2",4680,5202,7764,2475,1978,3796,6317,3873,4250,2516,1212,5346,0.554524288950415,0.0245878207904547
"5616","EML6",483,415,450,294,190,235,675,371,341,77,89,481,0.465689778413152,0.00580635563278768
"5638","ENHO",1441,1144,1960,600,408,842,2018,863,864,641,346,1309,0.467894239848914,0.0160784130868067
"5691","EPHA2",1658,1436,1078,1505,4026,2291,2601,1484,1656,4304,3640,772,1.92276243093923,0.0422120883712923
"5692","EPHA3",12945,7549,13040,6563,6204,10952,18936,11067,7747,2335,1904,15528,0.539276565496707,0.047440395936778
"5694","EPHA5",428,231,546,242,128,210,712,400,243,211,44,649,0.44017094017094,0.0260629261975409
"5703","EPHX1",715,861,853,412,357,520,923,382,339,611,634,514,0.664562879850397,0.0428285934853249
"5718","EPS8",2095,2006,1650,1699,2925,2175,1793,2164,2115,4275,3221,1479,1.57386681589256,0.0309212985053935
"5811","ETV6",1674,972,907,1301,1744,1517,1120,1216,1325,1604,1675,1006,1.30100286532951,0.0374118500296081
"5815","EVI2A",18,21,17,11,12,16,22,8,9,16,8,16,0.657142857142857,0.0226415051568999
"5866","F10",5,3,11,4,10,11,8,10,18,8,8,5,1.80555555555556,0.0329209925443761
"5905","FAH",328,134,74,241,273,222,139,293,227,289,410,146,1.61393596986817,0.0436262261212009
"5925","FAM107A",499,543,157,52,35,133,702,242,96,85,16,526,0.244856797095603,0.0275000000030388
"5944","FAM116B",959,536,685,517,498,586,840,491,510,386,265,538,0.671411042944785,0.0347939271672191
"5952","FAM120C",821,1163,1141,622,676,751,1265,497,569,587,519,796,0.619662534435262,0.0149649563202409
"5956","FAM123A",410,204,447,268,158,220,455,160,265,227,109,278,0.552376333656644,0.0152594947235084
"5978","FAM134B",311,575,449,271,97,189,341,144,185,159,165,407,0.398895497026338,0.00251665559772829
"5992","FAM13C",270,246,301,194,191,251,284,157,237,130,52,283,0.645120405576679,0.0265657728635045
"6058","FAM181B",2760,4805,5996,939,913,2978,7509,2236,1222,484,52,3289,0.311684718159538,0.0294909619279199
"6115","FAM24B",32,36,25,40,68,70,38,53,49,37,43,6,1.80790960451977,0.00990574025051663
"6179","FAM5B",26,35,27,19,5,14,8,3,11,7,1,11,0.325396825396825,0.0182745923434775
"6187","FAM65C",108,58,128,74,59,61,244,28,39,53,14,79,0.367583212735166,0.0462552095630281
"6195","FAM69C",84,659,637,58,3,12,191,45,27,5,36,214,0.0694519804666305,0.0490363353952352
"6209","FAM73A",519,438,507,382,394,429,452,371,415,450,352,479,0.868203096867123,0.0394021773821306
"6243","FAM83D",2637,781,746,2083,2359,1510,923,2384,2816,2043,2177,884,1.64998758380929,0.049884605897074
"6248","FAM84A",263,444,502,229,99,171,245,94,148,179,160,165,0.460497835497836,0.0271133919480538
"6254","FAM86C2P",203,216,229,141,140,160,247,165,131,160,182,182,0.770114942528736,0.0282085353637374
"6262","FAM90A1",20,16,30,21,13,24,20,13,11,7,11,17,0.637096774193548,0.0365396530687878
"6378","FBXO36",528,416,686,327,272,408,540,502,420,328,227,602,0.696030977734753,0.0426692040309957
"6390","FBXO48",61,30,27,41,68,55,38,66,73,48,44,40,1.49367088607595,0.0171675601107338
"6452","FER1L6",18,7,12,10,33,17,10,36,21,30,24,6,2.55555555555556,0.00152508122988115
"6457","FERMT3",25,16,13,13,32,28,14,20,21,31,14,16,1.50515463917526,0.0435116896253206
"6481","FGF14",131,78,23,43,125,106,63,218,100,283,96,38,2.46808510638298,0.0341466035426728
"6530","FIGN",953,797,338,935,1475,944,788,889,1263,2476,1549,590,1.95319245625994,0.0302688278734942
"6540","FJX1",3847,4275,6002,2078,2174,3038,2878,2325,2006,2050,924,3632,0.55111835153223,0.0258616597502181
"6563","FKTN",1503,1209,1420,1147,1093,1325,1607,1167,1205,1124,1012,1262,0.850024545900835,0.0441059317155187
"6572","FLJ11235",22,13,13,21,14,15,6,43,36,42,22,8,2.07228915662651,0.0426353832743881
"6600","FLJ30838",40,15,40,34,19,28,34,10,24,6,10,35,0.48989898989899,0.00910858797588007
"6645","FLJ41484",12,10,18,2,15,29,8,20,22,15,11,10,1.86666666666667,0.0287692133541361
"6659","FLJ43390",86,42,33,39,11,16,5,16,19,5,3,87,0.23972602739726,0.0363105999148518
"6715","FN3K",449,332,384,300,201,217,420,267,230,275,264,229,0.687795648060549,0.0197174021343192
"6741","FOSB",20,4,7,3,14,15,7,14,22,44,56,8,3.36734693877551,0.0469437248395998
"6779","FOXN2",993,694,719,942,1187,1065,1134,1030,1128,1531,954,635,1.34746922024624,0.0287448702901609
"6789","FOXP4",3401,946,769,2773,3799,2554,1100,2301,3176,3762,4699,1039,2.02343438372557,0.0158185200263614
"6808","FREM2",2905,5765,7779,2293,2909,2502,5051,1597,1938,3190,602,2948,0.476347182229535,0.0437516434446643
"6895","FXYD6",14154,11837,15046,9779,7420,9845,16626,7462,10484,8600,6196,7648,0.66596084698362,0.0290167849109745
"6907","FZD5",2094,682,440,2515,3945,2414,1559,1469,2601,3867,1680,938,1.94166261545941,0.0410116780790801
"6931","GABBR2",1713,1005,661,252,58,292,472,261,274,85,72,1234,0.195240771969271,0.0214678652196176
"6999","GALNT13",1057,1080,1543,599,405,659,1066,741,774,534,348,1319,0.519357743097239,0.00704252793863868
"7002","GALNT3",26,37,37,18,12,17,27,18,26,26,5,27,0.604651162790698,0.0295546795821658
"7036","GAS2L3",718,503,326,761,1110,766,616,900,865,1468,956,407,1.82077454217953,0.00536412458759117
"7044","GATA3",2126,389,1750,970,496,1255,1671,916,996,71,11,1565,0.442096564750325,0.0392639026490758
"7052","GATM",2231,2208,3682,1232,1299,1912,2726,1860,1934,1103,617,2442,0.600853935679361,0.0368738733833065
"7076","GCA",749,513,780,481,444,583,729,545,497,584,322,715,0.749936980085707,0.0344557659124114
"7098","GCNT4",17,28,26,25,28,22,8,33,27,57,54,12,1.9051724137931,0.0367084543954948
"7115","GDF6",82,36,4,48,38,100,6,70,47,98,149,13,2.65608465608466,0.0326822781905642
"7117","GDF9",29,10,24,30,8,13,31,20,23,20,2,28,0.565789473684211,0.0391083505104614
"7118","GDI1",24169,17546,23500,15537,14283,17508,27610,16381,16666,15662,10735,15681,0.735511072773151,0.0484503063675086
"7122","GDPD2",914,719,505,608,431,457,546,486,577,528,227,787,0.663397891640108,0.0186256639222041
"7251","GLIPR2",3474,3280,3733,2219,2407,2373,4774,1508,1749,3314,2793,3046,0.689077267855403,0.0365173195955022
"7265","GLRB",388,373,615,296,250,356,381,210,238,296,196,423,0.624394184168013,0.0153817638054271
"7274","GLT25D2",1657,1892,1421,901,839,930,1710,524,661,1075,950,687,0.602201257861635,0.0383342842265358
"7332","GNB5",1100,928,1035,1017,718,710,1358,683,789,785,707,700,0.715542521994135,0.0203491582649671
"7393","GOLM1",9505,10296,12407,6099,5363,6789,12003,7084,6511,6283,5782,9858,0.628440366972477,0.00855433184780917
"7446","GPM6A",12572,21671,28181,10746,7911,11676,30159,8087,8455,13301,5238,11188,0.477378904442135,0.0381119506741198
"7447","GPM6B",30451,27455,28104,21637,19907,23495,32603,17665,19022,23601,9654,26737,0.67875942438633,0.00704027276659161
"7489","GPR155",426,565,882,331,280,399,533,377,212,414,205,616,0.562779600357888,0.0238861596639552
"7522","GPR37L1",107,269,329,52,29,67,195,81,59,18,16,134,0.248618784530387,0.02276313978386
"7530","GPR56",12717,19864,19972,9500,6438,11778,26746,7621,9245,7905,3522,12525,0.45901267221981,0.0157390925811442
"7584","GRAP",5,5,10,12,36,13,14,9,15,29,27,10,2.30357142857143,0.0372927693452886
"7602","GRIA3",531,1316,973,418,167,380,1677,593,402,257,202,453,0.372764530551416,0.0451810214392869
"7605","GRID2",324,368,602,127,64,157,783,345,257,49,61,442,0.352607709750567,0.0281740214225732
"7609","GRIK2",1602,1470,1400,807,562,516,1339,511,1178,1148,921,1346,0.607232546459066,0.0123579640393951
"7614","GRIN2A",506,256,172,217,75,240,305,115,168,41,75,363,0.392523364485981,0.0117847924253286
"7618","GRIN3A",37,38,79,148,33,35,112,28,45,28,17,60,0.392405063291139,0.0435034847376004
"7637","GRM8",126,78,180,90,41,114,154,59,52,26,30,52,0.473529411764706,0.0343185841568557
"7731","GUCA1A",7,7,5,2,10,21,17,5,19,22,15,7,2.04444444444444,0.0473784736655843
"7837","HAVCR2",14,6,14,14,18,18,13,18,20,13,12,11,1.375,0.0344701429393952
"7971","HFE",10,5,4,3,6,14,9,19,11,14,29,4,2.65714285714286,0.0284942827408288
"7992","HIBADH",769,493,620,639,700,743,662,665,757,717,973,562,1.21628838451268,0.0452876816223932
"8009","HIP1",9791,9660,9633,7764,7380,7320,10211,6145,6944,5809,4000,6160,0.706477010090381,0.0109969607555452
"8062","HIST1H4C",4,1,4,1,5,1,1,4,9,11,5,1,2.91666666666667,0.0488717032133911
"8075","HIST2H2AC",28,15,10,22,38,27,6,17,25,32,32,14,1.8,0.0166919340636041
"8082","HIST2H3D",13,5,2,2,5,16,1,21,18,5,10,3,2.88461538461539,0.0378140570980301
"8096","HKDC1",61,55,63,40,21,31,58,49,16,25,6,67,0.430232558139535,0.00148147729053309
"8125","HLCS",1628,1143,1196,1414,1787,1643,1344,1308,1528,1506,1892,1140,1.22873490146217,0.0273524882837979
"8146","HMGCS1",50373,46608,75961,36604,37332,42019,57193,39664,40969,36921,22152,46678,0.698931455536873,0.0365585949818361
"8290","HRK",13,18,12,7,3,13,20,4,4,4,1,14,0.345238095238095,0.0047995871556216
"8385","HTATIP2",43,12,13,16,37,59,28,70,50,106,96,22,3.11940298507463,0.00564060669295449
"8434","IBTK",2823,1968,2284,2297,2637,2747,2593,2484,2772,2937,3056,2540,1.1467080317132,0.0402143969343679
"8435","ICA1",134,102,170,126,69,95,297,55,104,74,42,106,0.46951871657754,0.0389532310375894
"8436","ICA1L",704,568,874,498,482,607,817,543,637,406,225,643,0.706627680311891,0.0408390307176405
"8450","ID3",8972,3531,1172,6238,9147,9515,859,4062,6501,10438,9024,1809,2.15610468978345,0.0258132473818931
"8451","ID4",7038,8240,8495,3893,2597,6376,11130,5534,5159,5678,2243,6399,0.61039938046244,0.0385509760432748
"8465","IDUA",332,158,247,134,130,206,315,127,150,101,102,250,0.568245125348189,0.0242853781825142
"8474","IFI27",19,15,18,12,5,6,10,3,3,11,7,9,0.421686746987952,0.00403493707551423
"8476","IFI27L2",559,513,491,332,204,411,506,384,313,301,384,317,0.734731420161884,0.04585731906427
"8509","IFNAR1",3410,3597,3908,2420,2579,2751,4849,2236,2172,2848,2506,2899,0.715837404543945,0.0322489586970978
"8551","IGFBP7",176,427,132,642,483,899,24,622,447,2200,1703,295,3.74646226415094,0.0468429106260677
"8567","IGSF11",2054,1614,3649,1575,613,1627,2248,1949,1650,158,16,2402,0.444025993206321,0.0220472764273662
"8572","IGSF5",74,40,81,54,44,54,52,27,24,32,26,38,0.610619469026549,0.0325923880417845
"8579","IKBIP",1319,848,864,840,1302,1143,1075,968,1103,1467,1344,684,1.30142095914742,0.0385063693585344
"8704","INE1",80,43,67,60,38,45,77,22,33,60,13,50,0.559681697612732,0.0124835343099401
"8715","INHBB",497,550,812,475,191,401,1067,217,312,106,34,510,0.322423932498082,0.00431849739589512
"8781","IQCB1",1634,881,1124,1612,1481,1475,1174,1435,1661,1891,1752,1289,1.2568058076225,0.04604110471498
"8828","IRX2",41,786,489,820,1258,703,4,996,1518,3578,2235,778,3.52570253598355,0.0344231135454264
"8882","ITGB5",8272,7500,12214,5078,4327,7004,11256,5788,5029,3872,3773,7065,0.57979955239856,0.0205567857471118
"8949","JPH3",1223,692,1134,793,433,692,858,531,725,355,231,1131,0.508832104270279,0.00253390102968539
"8951","JPX",143,105,154,126,50,64,79,55,64,96,71,56,0.603318250377074,0.0362149652359603
"8956","JUB",2339,1160,815,1753,2505,1707,834,1695,2088,2683,4265,795,1.941658004158,0.0308612162718122
"8964","KANK1",701,2848,3032,775,1172,1513,2927,538,387,430,616,1644,0.390374779911126,0.0419778377511665
"8970","KAT2B",1453,1434,1582,895,997,1105,1793,1084,1075,1286,678,1235,0.741777883698761,0.0405702549319387
"8993","KC6",44,19,29,15,51,109,42,122,48,106,31,7,2.99358974358974,0.020407186163876
"9015","KCNE1",17,18,12,5,1,6,8,6,2,5,2,16,0.289473684210526,0.00680048122150912
"9031","KCNH7",95,65,75,87,37,35,77,32,97,47,3,94,0.509127789046653,0.0221982728424823
"9034","KCNIP2",706,622,1299,449,320,686,1572,474,433,121,43,895,0.374706837452643,0.0211383466416377
"9038","KCNJ10",667,1557,1900,627,496,806,1453,662,597,389,98,988,0.423804226918799,0.0208145871943529
"9041","KCNJ13",29,14,20,16,12,14,24,5,21,10,5,14,0.572649572649573,0.0383011750726394
"9044","KCNJ16",173,539,478,45,120,160,565,63,31,15,7,128,0.205394190871369,0.0417569558866507
"9065","KCNK6",3,5,1,2,2,12,3,18,14,8,25,4,4.38888888888889,0.0253459245204275
"9075","KCNN3",1319,2493,1875,953,661,1342,2587,2169,854,736,528,2326,0.544447329697914,0.0399175175056563
"9114","KCTD9",1678,727,568,1354,1835,1148,1062,1385,1546,1943,1593,674,1.55863433943592,0.0279642872226621
"9149","KHK",397,258,358,274,198,167,370,242,272,234,167,239,0.675105485232068,0.0122038810791835
"9166","KIAA0226",1772,1483,1358,1227,1166,1170,1765,1143,1037,1504,922,1255,0.78352144469526,0.0318985119657452
"9181","KIAA0494",3618,3119,4583,2395,2346,2627,3340,2935,2595,2787,2069,3074,0.763028466391773,0.0441808483357183
"9219","KIAA1257",251,132,167,177,173,228,139,233,279,290,200,184,1.33619047619048,0.0421927442739481
"9229","KIAA1383",34,23,28,34,12,13,52,2,2,12,10,12,0.278688524590164,0.00816401747579457
"9260","KIAA1804",40,15,25,30,41,44,21,73,37,62,43,53,1.6304347826087,0.0380628423374638
"9272","KIAA2022",568,409,316,324,143,330,628,226,360,390,185,398,0.618236852062051,0.0321083769249654
"9279","KIF14",2069,836,921,1583,2362,1646,1124,2147,2512,1618,1155,1045,1.50963314858802,0.0488053591365372
"9289","KIF20A",4994,1536,1493,3831,4586,2715,1536,4838,5054,3910,4103,1526,1.68986323411102,0.0444347956914043
"9313","KIF9",209,156,235,111,132,141,214,147,141,97,88,154,0.691380908248378,0.0354331993110998
"9316","KIFC2",1122,625,1096,668,549,705,985,644,648,682,385,990,0.658585490339045,0.0148824900121431
"9341","KITLG",1608,1472,1121,1865,2117,2650,1658,2336,2215,1884,1743,1226,1.4463687150838,0.00355365095754223
"9349","KLF10",819,472,372,572,873,601,705,906,676,1222,1320,373,1.68970721400543,0.0242062257250258
"9354","KLF15",465,349,384,336,227,398,399,310,389,286,244,400,0.794684954993571,0.0489302461196917
"9373","KLHDC8A",9264,7263,7492,6723,5587,5575,10128,5910,5202,2074,1759,4734,0.572471713007631,0.01448569304092
"9391","KLHL25",4061,3123,4156,2649,2053,2803,3784,2557,2440,1665,1159,2915,0.612770688321732,0.00413511955007391
"9646","LAMA5",4710,6147,6596,4319,3388,3682,6098,2681,2676,3120,2075,4366,0.546655912644249,0.000965416299975896
"9726","LCP1",18,7,15,6,12,11,5,20,26,23,25,3,2.16666666666667,0.0161554545959005
"9751","LEFTY2",15,36,67,12,1,7,16,6,3,11,2,25,0.175438596491228,0.038907090311855
"9766","LEPREL2",1012,544,469,622,1077,1005,594,747,737,1155,1937,555,1.75395152792413,0.0460945503817889
"9806","LHFPL3",1219,1926,6070,3569,734,1936,7233,99,866,43,11,1544,0.171095960298687,0.0333732946073461
"9807","LHFPL4",532,231,511,242,100,206,397,277,266,260,55,409,0.501291989664083,0.0154620668718637
"9820","LIFR",9990,7234,7897,7868,11856,11649,9381,7999,8901,13278,9707,6293,1.30263239011158,0.0361294303627847
"9849","LIN28A",302,43,8,162,385,168,15,263,230,227,331,33,2.84902309058615,0.0147854092589597
"9897","LMO1",196,251,298,108,37,121,671,112,105,30,67,213,0.271732872769142,0.0467811995409401
"9931","LOC100128239",40,22,36,27,23,17,64,27,29,24,6,33,0.567567567567568,0.0495199002296335
"10018","LOC100130522",118,73,128,111,88,73,72,34,77,39,51,72,0.630662020905923,0.0304714376903698
"10020","LOC100130581",14,4,1,6,13,24,19,13,19,18,11,8,1.88461538461538,0.0490076290793341
"10058","LOC100131655",24,19,28,17,10,10,26,13,17,10,15,21,0.555555555555556,0.00108512501853723
"10105","LOC100133991",11,3,2,5,13,16,9,14,13,12,11,4,2.32352941176471,0.00216762428985953
"10114","LOC100144602",44,18,43,22,15,20,44,15,14,16,2,47,0.376146788990826,0.00549744182630224
"10166","LOC100287616",130,58,48,58,117,72,22,78,93,163,169,23,2.04129793510324,0.0319619077938671
"10211","LOC100289495",76,61,116,112,47,73,108,59,64,36,60,73,0.620879120879121,0.0146311468619143
"10241","LOC100499467",1111,631,1170,740,306,550,1381,638,677,266,110,881,0.430672979370984,0.00397976150990316
"10301","LOC100506013",67,4,10,95,169,108,15,98,162,63,118,26,3.30875576036866,0.00372588688323132
"10329","LOC100506334",36,11,1,13,29,32,22,87,23,41,51,4,3.02298850574713,0.0277868969270743
"10330","LOC100506343",117,220,216,77,62,71,189,69,93,72,28,92,0.433589462129528,0.0202075111315965
"10395","LOC100507127",41,71,16,26,15,11,64,11,1,2,3,7,0.191111111111111,0.0343676526185264
"10400","LOC100507178",67,31,42,38,23,30,68,31,41,31,18,46,0.595890410958904,0.0255271163612665
"10401","LOC100507194",174,107,84,217,189,182,108,235,200,270,262,89,1.71758664955071,0.0069529076570945
"10548","LOC158572",48,43,57,38,38,36,42,31,35,36,19,46,0.711678832116788,0.00720936853121078
"10597","LOC283089",20,20,38,23,10,16,18,16,18,6,11,24,0.538461538461539,0.0130729142873805
"10695","LOC285758",33,13,18,27,16,14,37,15,18,10,10,27,0.535483870967742,0.0206274181929563
"10805","LOC389023",24,9,25,18,5,15,30,5,9,8,11,15,0.43801652892562,0.0130271570273279
"10816","LOC389705",7,12,16,14,6,5,25,7,15,7,5,23,0.463917525773196,0.0263779121915985
"10834","LOC399815",24,14,16,17,30,34,7,37,60,38,20,5,2.63855421686747,0.00653852357719097
"10864","LOC401074",123,44,41,49,7,5,5,9,2,5,32,43,0.19672131147541,0.0490690672163625
"10924","LOC441208",190,130,76,70,57,85,125,58,72,56,51,99,0.549275362318841,0.0337696158834128
"11019","LOC645206",30,26,67,20,8,20,33,35,18,11,4,51,0.422907488986784,0.0323393096386687
"11061","LOC648740",19,10,12,16,14,9,14,10,7,9,1,14,0.588235294117647,0.0240820129278442
"11110","LOC728392",10853,9931,15334,7016,6944,10724,15541,6395,5846,3907,2535,8554,0.540704160406967,0.0198866789318703
"11120","LOC728613",240,239,12,281,131,113,184,106,69,75,40,177,0.471315092674316,0.0497584893679732
"11229","LPIN3",42,6,6,22,44,79,16,37,30,40,36,18,2.41818181818182,0.0173757536080164
"11240","LRAT",369,81,495,234,45,63,497,6,23,39,52,99,0.128450704225352,0.0193150119029501
"11256","LRIG3",1247,1036,1136,864,887,1160,1013,655,726,445,811,974,0.747049441786284,0.0465689374143117
"11273","LRP8",4561,3764,4889,2796,3419,3184,5201,2515,3143,3455,1789,3801,0.699864065248681,0.0206054299032662
"11290","LRRC23",306,293,395,204,91,232,266,271,236,185,202,269,0.702250432775534,0.0385068291938167
"11330","LRRC58",2717,2552,3271,2057,2144,2301,3677,1952,2054,2021,1580,2413,0.722238868580332,0.0227086998063906
"11356","LRRN2",1014,839,2147,631,284,472,1458,624,848,611,203,1296,0.411916046039269,0.0201889000056483
"11360","LRRTM1",89,29,93,46,11,32,131,36,53,40,12,84,0.389830508474576,0.0216679717148495
"11396","LTBP3",1786,2131,2969,1468,1171,1774,3552,801,976,1467,1919,1648,0.598199793418917,0.0466322021509342
"11433","LYN",142,141,135,129,244,212,87,182,153,266,174,62,1.76867816091954,0.0029654410710311
"11440","LYPD6",977,888,1189,899,822,647,943,739,696,1042,442,941,0.751756039061162,0.0319955700148191
"11451","LYSMD2",56,73,68,43,45,72,139,16,17,22,38,63,0.475113122171946,0.0435539181903049
"11483","MAEL",25,42,80,17,10,26,82,10,9,6,13,62,0.24025974025974,0.0170512454147473
"11540","MALT1",1544,1202,801,1430,2119,1190,677,1869,1250,2323,1851,1025,1.58736337775116,0.020275239781421
"11560","MANEAL",2077,1267,1668,1586,1328,1339,2418,989,1583,1168,875,1387,0.699990387388253,0.0356565944527885
"11564","MAOA",424,356,570,226,57,193,520,463,229,63,34,452,0.407770800627943,0.0139083773648344
"11565","MAOB",53,274,203,86,50,110,230,37,15,42,14,168,0.264299802761341,0.0139905677239868
"11566","MAP1A",10819,9603,9141,6912,5938,7114,9093,7179,5651,5932,9322,7313,0.777897543541158,0.0379544871835927
"11573","MAP2",29381,24361,30356,22024,16759,27984,45857,23119,26863,14465,8484,28756,0.651085843915124,0.0466366600352587
"11618","MAPK4",4317,5066,4633,3561,3182,3937,3980,2253,2914,3598,1405,4046,0.675272429012225,0.0131051911204147
"11622","MAPK8IP1",5494,5271,5357,3053,2343,3454,4936,2958,3037,2010,1163,4128,0.529940861928539,0.00162329937624427
"11661","MASP1",3962,882,2531,1245,539,1389,2010,1415,1255,667,197,2176,0.426518819303451,0.0403416860749887
"11721","MCART6",710,667,1066,434,447,683,682,478,526,335,233,683,0.636963696369637,0.0353582639074613
"11731","MCF2L2",78,41,61,57,34,51,41,51,29,10,8,65,0.533527696793003,0.0216276091122224
"11761","MDGA2",314,367,442,198,177,297,726,107,183,214,313,436,0.519935561820379,0.0410393415042077
"11763","MDH1B",251,114,197,141,124,191,137,78,105,86,41,181,0.612144955925563,0.0467744057824031
"11822","MEGF8",11347,8962,10021,8552,7370,8428,13520,6604,7629,7739,7459,7496,0.755100337239975,0.0393379035925163
"11823","MEGF9",4212,3174,4645,2810,2431,3276,6894,2797,3150,2355,1566,3481,0.617663388324873,0.045521308632128
"11908","MFSD6",338,391,396,265,319,361,576,171,190,161,147,259,0.606292134831461,0.0376372576894889
"11918","MGAT4A",954,1153,1446,767,605,656,822,695,798,521,542,1109,0.610622300431931,0.0086124963075297
"13308","MMRN1",130,155,54,222,348,342,21,93,214,493,384,65,2.89644513137558,0.014209554313909
"13379","MPP7",147,61,31,160,154,162,36,105,118,157,262,88,1.83173996175908,0.0465194046261101
"13538","MST4",1762,370,516,1497,1728,1794,489,1289,1542,2098,1330,873,1.77610314145633,0.030626426019972
"13589","MTL5",135,7,22,85,137,100,7,172,141,105,104,34,2.61724137931034,0.0118756536690415
"13590","MTM1",739,654,786,537,550,623,846,664,564,621,379,719,0.794440551273067,0.035545550364914
"13624","MTSS1",3305,3071,4194,2379,1929,2031,3884,1569,2196,2391,922,2925,0.558659783378885,0.00199513302014742
"13644","MUC6",42,22,38,28,12,24,54,23,23,19,16,27,0.554502369668247,0.0212715090447583
"13654","MUSTN1",15,12,15,8,11,20,18,25,23,18,31,6,1.72972972972973,0.0251102804943272
"13662","MX1",58,49,26,45,56,73,28,37,67,76,115,36,1.75206611570248,0.0355379009017041
"13702","MYH15",28,11,6,18,32,37,10,18,24,19,48,8,2.19753086419753,0.0213684424309319
"13742","MYO1D",223,57,43,208,202,172,43,253,197,169,430,70,2.20962732919255,0.0353765052408765
"13751","MYO5C",475,1071,857,302,508,589,1160,259,291,286,87,570,0.455467869222097,0.0364431418208131
"13782","N4BP2L1",85,31,77,83,31,38,75,31,48,41,49,42,0.60559796437659,0.039735937010843
"13834","NAP1L3",1752,1089,1986,1465,1035,1406,2140,1238,1448,1056,694,1539,0.689700130378097,0.0250245263869912
"13858","NAT8L",6488,5836,6391,4288,3062,4222,5851,4204,4245,3139,2675,4284,0.650220290904702,0.00375125271682338
"13865","NBEA",2548,2855,4538,2494,2194,1863,1663,2198,2030,1908,900,4214,0.605777632153779,0.0451603286492968
"13890","NCAN",14275,15497,26090,12673,8734,13738,18413,6439,11243,8085,6344,16303,0.528643790374912,0.00696567200954772
"13968","NCRNA00202",28,12,30,25,14,22,28,18,23,14,8,24,0.673469387755102,0.0466741186645731
"13980","NCRNA00235",5,11,7,15,7,3,11,6,4,5,5,6,0.545454545454546,0.0439260507031406
"14059","NDP",542,726,934,316,321,389,546,590,381,215,83,523,0.551714524672428,0.0370102370762867
"14115","NECAB1",206,224,237,92,111,137,192,154,140,125,108,171,0.690730837789661,0.0410488134882524
"14129","NEGR1",800,834,1515,646,651,510,1105,612,779,719,306,1087,0.597461165859362,0.0241325731603219
"14130","NEIL1",89,53,59,75,16,62,76,47,60,48,22,69,0.605700712589074,0.0175669599219518
"14144","NELF",8689,7698,9374,5159,4852,6602,11920,5943,5015,5297,4165,7380,0.634687375547591,0.0192894846653517
"14186","NFIA",2535,4246,5363,1934,1437,3253,5761,997,1828,1140,707,4028,0.392257091381405,0.00966479883366144
"14187","NFIB",3565,6413,7343,3100,3814,4419,4818,1655,2114,2973,1288,4444,0.547889364282586,0.0252508109510015
"14227","NHSL2",349,61,75,308,606,294,166,242,329,350,257,75,2.00967117988395,0.0436316457271054
"14232","NIM1",226,148,201,88,46,93,245,151,95,48,39,166,0.439478584729981,0.00723621539164956
"14247","NIPSNAP3B",7,3,1,5,13,18,6,4,12,15,13,6,2.67857142857143,0.00733730637610058
"14263","NKPD1",34,17,19,19,7,13,41,21,16,18,4,22,0.519736842105263,0.0332316825754931
"14280","NLGN1",814,795,1004,555,244,651,1466,615,592,327,129,740,0.475995534052847,0.0152362106955422
"14282","NLGN3",5735,5414,7871,2627,2956,5600,12510,3029,3728,1869,1107,5649,0.459453348741396,0.0476910404836738
"14297","NLRP3",6,12,7,14,7,2,12,5,6,7,4,11,0.5,0.00845354066227292
"14324","NMU",292,29,82,342,390,207,18,219,403,402,405,94,2.36406067677946,0.0202617823058059
"14338","NOG",78,82,108,17,3,23,19,33,20,15,32,68,0.338709677419355,0.0396648064967267
"14373","NOV",73,114,75,46,27,39,82,45,26,66,21,55,0.503370786516854,0.0124878693777421
"14378","NOX4",120,70,50,124,179,134,59,184,155,351,247,72,2.52525252525253,0.00982005224911406
"14413","NPPA",7,60,51,16,9,11,55,5,4,8,7,35,0.196428571428571,0.0198113193488675
"14419","NPR3",19,35,10,79,120,425,222,155,241,239,311,42,3.66339066339066,0.00962704646401894
"14512","NSUN7",89,33,45,38,59,61,38,112,125,85,99,21,2.04924242424242,0.0102213633116069
"14530","NTN1",26117,18251,22512,13587,9726,19703,23865,16192,16604,10498,3103,21308,0.603517987901942,0.0235321382531945
"14534","NTNG1",421,450,539,309,302,421,553,279,287,273,352,358,0.727756653992395,0.0314117718283366
"14538","NTRK2",23600,14963,39339,13197,5166,9640,23974,24560,17077,8594,3905,35938,0.456536278814126,0.0318807767610248
"14539","NTRK3",871,881,570,741,710,308,1014,314,225,858,463,683,0.604621848739496,0.0315104695524093
"14543","NUAK1",3543,1627,1754,2701,3203,2012,1044,3331,3455,4459,3240,1891,1.56847133757962,0.0336843647175482
"14544","NUAK2",1768,1130,777,1538,1826,1666,906,1347,1640,1477,1758,891,1.38573466476462,0.0398902466542937
"14625","NXPH1",600,1995,1701,395,90,431,2259,131,174,95,51,842,0.124743326488706,0.0157965224264876
"14648","OBSCN",839,387,457,812,1726,1675,956,1317,1589,1310,777,945,1.90946314831665,0.00431806463373702
"14649","OBSL1",7938,4792,6186,5303,4786,5167,5835,4133,4580,4344,3843,4978,0.766527746060744,0.0332321009028066
"14673","ODZ4",5482,5480,4983,5073,2575,3886,7393,3722,4334,3940,3434,4527,0.66461230190054,0.0045129320179235
"14702","OMG",22,33,26,14,14,12,33,10,14,16,6,26,0.467532467532468,0.00374275171119132
"14712","OPHN1",1026,713,1102,729,604,725,1134,752,726,690,462,1063,0.686492110282643,0.00977938631700087
"15134","OSBP2",405,383,270,236,124,182,424,284,275,175,202,197,0.648563968668407,0.041752370878947
"15260","PAG1",1539,1718,2129,1142,726,1423,2214,1219,1250,925,685,1945,0.582764105923084,0.00530351104292208
"15272","PAK1",2615,895,731,2005,2034,1485,856,2102,2601,3951,3100,940,1.89915443919423,0.0310716381333845
"15277","PAK6",76,95,90,46,30,59,141,50,61,50,22,69,0.526112185686654,0.0252424779952563
"15299","PAOX",310,206,264,205,160,141,324,167,209,215,189,181,0.725503355704698,0.0396414269353532
"15337","PARP12",179,70,88,127,176,134,50,150,186,147,225,69,1.74614065180103,0.0139582665362956
"15338","PARP14",846,673,262,636,1224,1163,886,786,956,1067,981,545,1.60524948024948,0.00738081310099643
"15351","PARVG",22,2,8,28,45,48,8,40,74,37,28,9,3.53246753246753,0.0023247721234951
"15373","PBLD",222,162,214,164,113,160,290,152,176,123,76,230,0.62402496099844,0.00900145073557755
"15382","PC",2410,1856,1999,1730,1083,1602,2608,1500,1550,1196,1458,1414,0.698094366314388,0.0186331426713767
"15391","PCCB",1833,1785,1996,1709,1470,1612,2538,1161,1179,1519,1629,1383,0.762184276058342,0.0377792646856416
"15393","PCDH10",1312,2225,2650,569,441,926,3422,489,465,1052,588,1359,0.343330155152986,0.0298319669941865
"15404","PCDH9",1238,956,1166,914,738,664,1621,815,854,957,379,942,0.644580956559895,0.0159315917623464
"15412","PCDHA4",543,746,1130,845,790,730,1031,606,541,350,264,853,0.637334887334887,0.0266476117866201
"15421","PCDHB10",412,467,512,452,330,379,409,251,306,268,265,282,0.709944751381215,0.0111283721480904
"15448","PCDHGA7",49,32,9,23,238,347,125,137,226,116,233,4,5.3595041322314,0.00200630576988532
"15455","PCDHGB5",15,10,8,17,77,86,16,164,219,68,167,22,8.875,0.00580870015812859
"15531","PDE3A",1175,611,687,1495,637,556,638,552,356,480,249,755,0.527886588323074,0.0342416954510556
"15548","PDE8B",145,230,180,99,98,118,156,68,84,123,67,346,0.482698961937716,0.0361576063375781
"15573","PDK4",107,29,16,97,126,154,16,155,140,81,49,39,2.31907894736842,0.0204046445798426
"15608","PEA15",36228,38675,50246,22106,16614,25708,41597,20273,18842,26048,17742,35597,0.557930754870817,0.00518177441920884
"15650","PEX6",1028,639,618,776,360,371,512,480,474,409,570,751,0.616096207215541,0.0106308718596192
"15661","PFKFB2",505,398,548,385,316,485,579,316,316,463,378,541,0.769282814614344,0.0334143886218722
"15712","PHACTR1",432,217,302,389,331,346,457,111,290,134,118,331,0.625,0.0475419470647032
"15713","PHACTR2",227,152,175,189,193,253,126,195,204,282,332,185,1.3842504743833,0.0357568877950337
"15757","PHLDB2",1477,455,380,1675,2971,1415,280,1162,1636,1461,2328,330,2.38699151620622,0.0191577587639593
"15774","PHYHIPL",4532,4276,6313,2788,1920,4796,7581,3078,2631,1540,1455,4719,0.510443907444801,0.0177548232963728
"15815","PIGZ",87,48,68,40,9,51,108,37,30,26,23,41,0.448979591836735,0.0235749976825749
"15828","PIK3R1",4006,4687,6088,2510,1865,3403,5196,3238,3036,2437,1889,4162,0.595444481969305,0.0135156688721429
"15837","PIM1",873,261,295,619,821,530,588,693,679,1029,1427,310,1.75797691785472,0.0496631446864228
"15851","PIP5K1B",138,76,33,87,338,174,180,107,137,209,257,37,2.21778584392014,0.0255946861599195
"15880","PKD1L1",4,4,6,3,13,8,5,9,8,11,2,3,2.04,0.0349527036381592
"15888","PKDREJ",83,53,68,60,50,67,50,34,49,31,32,100,0.635265700483092,0.0293343717419107
"15934","PLAC4",13,11,7,15,37,28,6,7,30,31,33,4,2.96428571428571,0.00633084758484342
"15952","PLCD3",2254,4512,3469,1685,2101,2337,3420,763,756,2045,1536,2017,0.549518926081696,0.0363272207619372
"15954","PLCE1",804,3615,2403,743,621,1279,2897,922,577,749,284,1449,0.372093023255814,0.0477324132704842
"15969","PLD5",444,206,585,260,116,163,206,357,315,16,4,472,0.44684767602393,0.0481792459308858
"15983","PLEKHA8P1",72,33,35,49,75,68,53,53,64,66,57,41,1.35335689045936,0.038881146642586
"16017","PLK1",5661,1770,1548,4229,4977,3133,2361,5369,5772,4490,4932,1741,1.65644136337377,0.0426504106705401
"16019","PLK2",1350,713,660,1215,1025,1043,880,1582,1513,1901,2084,758,1.64060258249641,0.0212278471274561
"16050","PLXND1",5437,1994,2529,3354,4638,4008,2552,5495,3425,7188,8377,2564,1.7976668475312,0.0285861464265125
"16057","PMEL",68,11,27,62,98,67,11,71,162,50,76,26,2.55609756097561,0.0229361746093655
"16076","PMS2P5",46,48,46,68,76,54,71,68,88,80,62,53,1.28915662650602,0.0421500748652257
"16115","POC1B-GALNT4",8,7,13,5,5,1,11,3,6,7,4,10,0.481481481481481,0.0111321334670709
"16175","POLR3G",167,67,81,108,196,127,96,102,118,210,168,88,1.5172981878089,0.0480812666710432
"16266","PPFIA2",718,601,707,581,343,291,400,341,506,479,137,593,0.5825,0.00616838617025382
"16315","PPP1R12A",3303,2290,2423,2783,3800,3526,3480,2767,3095,3922,3842,2245,1.26797385620915,0.0288944728798623
"16327","PPP1R16B",184,35,32,174,300,136,51,150,211,117,173,75,1.97277676950998,0.0461290578877732
"16452","PRELID2",47,13,31,47,83,85,28,73,74,76,113,39,2.45853658536585,0.000119467695823115
"16490","PRKCA",2825,2921,3708,1622,1393,2627,5145,1587,1484,1076,1463,2521,0.513819229537936,0.0254974542233161
"16545","PRORSD1P",26,21,23,26,21,14,26,11,26,11,17,36,0.632911392405063,0.0135389898130059
"16580","PRR18",42,90,83,64,43,71,70,21,31,25,4,54,0.483870967741935,0.0158410765595025
"16611","PRRT3",503,356,378,324,279,366,496,242,343,242,303,304,0.751800084709869,0.0434641951213924
"16644","PRTG",3698,1211,938,3417,4896,2962,1661,2266,3812,4123,3708,1379,1.76909947984395,0.0293864958281893
"16744","PTCH2",283,191,270,157,128,179,236,188,211,106,39,192,0.64033107599699,0.0377751876169904
"16745","PTCHD1",133,295,251,101,34,90,251,42,65,62,29,275,0.246554364471669,0.00324265604402873
"16764","PTGFR",8,15,11,19,22,15,2,21,24,64,34,9,2.8125,0.0441166448380779
"16787","PTP4A3",337,481,443,289,179,282,336,225,222,181,276,253,0.638148667601683,0.0141566503476806
"16793","PTPMT1",556,416,396,297,229,247,453,300,263,286,323,318,0.676518883415435,0.0172959579241497
"16806","PTPN3",124,246,309,116,80,141,144,85,77,28,29,232,0.375747224594364,0.0107590254688442
"16816","PTPRD",15575,8475,13862,9793,6903,8465,17648,12707,10433,6777,5519,10914,0.666133452213933,0.0438536774119372
"16833","PTPRZ1",53172,98918,133680,41920,43923,63299,84421,34971,45794,34711,9645,76051,0.475954703561523,0.0245042690561429
"16864","PVT1",154,136,181,181,191,214,148,215,150,246,163,115,1.28852459016393,0.0369978153256327
"16886","PYGM",20,9,11,8,22,11,16,26,17,20,28,8,1.72222222222222,0.0239484955200212
"16979","RAB6B",4162,3143,3773,2723,1540,2741,4650,2960,3204,2981,1042,3838,0.649109426174346,0.0191396114368627
"16985","RAB9A",1058,1011,1194,657,646,745,1309,836,687,822,657,910,0.715588858120215,0.0244269721877536
"17039","RAI14",6431,2224,1799,4676,5815,3948,2972,6189,6034,4764,7080,3011,1.60233031781367,0.0340516832685467
"17071","RAP2A",5389,3987,5852,3468,3276,3837,5746,3198,3968,3949,2367,4403,0.713988559542382,0.0197447142580431
"17100","RASD2",269,225,285,151,83,166,154,201,154,69,47,337,0.506685432793807,0.0149084659101846
"17177","RBM43",285,78,17,221,145,202,171,487,421,379,298,105,2.20296465222349,0.0271630794965185
"17231","RCN3",143,67,86,95,154,163,99,169,218,240,546,49,2.76437847866419,0.0481936317882847
"17257","REEP4",802,337,317,531,676,568,483,765,726,667,911,292,1.56154960173787,0.0221736089529693
"17339","RGMA",18739,18733,22284,12945,10535,15268,20187,12933,13740,6433,1673,16474,0.553958413342843,0.0104989511224686
"17344","RGPD1",42,33,37,48,10,13,23,9,25,9,21,9,0.453125,0.0281302474749774
"17370","RGS7",76,54,86,64,21,50,77,54,82,9,21,58,0.571084337349398,0.0462919871387755
"17390","RHEBL1",38,25,27,26,34,35,18,29,47,40,46,16,1.54,0.0107635799141386
"17406","RHOU",1143,503,298,785,955,364,459,1528,1105,1783,1439,352,2.02655367231638,0.0363312040587534
"17415","RIC3",419,275,512,283,168,337,566,309,412,82,44,592,0.510766905931243,0.0268090022553315
"17484","RNASEL",42,78,21,23,91,92,51,124,102,183,192,29,3.21311475409836,0.00316261512801515
"17494","RNF112",137,153,231,109,45,110,165,88,79,34,68,136,0.455424274973147,0.00274804534103522
"17514","RNF141",2617,2272,2538,2030,1992,2178,3221,1767,1951,2221,1414,2388,0.764834727200319,0.0178601713816546
"17544","RNF207",30,39,61,36,20,19,47,20,24,45,18,40,0.577075098814229,0.0150938206557188
"17597","ROBO1",13267,12135,16310,12415,10844,10177,15553,10178,10138,13951,8337,10888,0.789705590308807,0.0330517760732743
"17598","ROBO2",6067,3855,5911,2475,1194,2336,3798,2848,2090,742,351,3955,0.366870035685507,0.00326329115056043
"17633","RPE65",414,3466,2675,505,415,532,1494,267,135,1076,200,1618,0.258061344868266,0.0498475969865156
"17827","RSG1",236,240,254,197,126,182,268,144,147,131,137,173,0.633771929824561,0.00117000396487345
"17830","RSPH1",47,51,80,26,21,41,73,49,47,2,10,73,0.485714285714286,0.0287932077458547
"17858","RTN4IP1",390,228,253,282,315,289,257,325,346,400,390,225,1.26299694189602,0.044228646716659
"17959","SAMD8",2620,2771,3136,1824,2074,2489,3829,1912,1782,2210,1547,2421,0.723691343894946,0.0408222676835662
"18016","SCARA3",3719,3749,3910,2350,2769,2855,3836,1830,2032,1870,1825,2190,0.667257264351524,0.0198587749711829
"18047","SCD",94135,79720,89723,69476,61678,58166,75714,67087,68861,78337,67021,67439,0.842385769213808,0.0415785292803498
"18048","SCD5",23186,25031,33036,12514,16812,20728,25796,9648,10940,6156,3300,18543,0.489363242726601,0.013005840937322
"18054","SCG5",59,7,7,16,31,64,13,65,57,77,16,8,2.81818181818182,0.0247184753763497
"18068","SCLT1",596,375,375,445,612,491,411,634,613,524,466,397,1.2851096575606,0.0213303637263372
"18077","SCN1B",55,48,36,30,24,19,27,24,36,31,11,37,0.622317596566524,0.027700266360792
"18083","SCN4B",713,1670,1443,176,180,468,1174,185,254,448,31,807,0.26174160120341,0.019467013769699
"18097","SCPEP1",637,304,268,634,690,519,417,547,526,873,838,320,1.54767441860465,0.031738976615402
"18118","SDC3",22256,27770,35411,13713,18226,19975,44584,14407,14300,13821,8121,21063,0.539148164104929,0.03734603358024
"18196","SEMA3A",6857,6064,6424,3937,3569,4182,6039,4930,4281,3048,2416,6839,0.620188053097345,0.00285614356278617
"18204","SEMA4B",2598,2488,2884,1974,1500,2152,2428,1657,1867,1452,1103,2110,0.671937577682641,0.0027459208492106
"18249","SEPW1",6001,4208,5385,4296,3669,4090,4880,3504,4159,3788,3139,3957,0.777978904863021,0.0199435793359808
"18278","SERPINB1",73,34,9,62,94,84,94,90,66,79,146,15,1.94773519163763,0.0302837049607806
"18307","SESN1",1163,989,907,1058,1086,1325,876,1178,1192,1251,1047,942,1.1927548441449,0.0102399175415774
"18326","SEZ6",6682,9757,8443,2694,3058,5261,7774,3522,3216,1750,915,5441,0.434458581549852,0.0115935059748633
"18365","SFXN5",3802,4339,3815,2603,2688,2754,4256,1577,1959,2900,2054,2600,0.650572028951669,0.0105625480564322
"18380","SGMS1",596,526,526,377,322,391,557,438,397,402,368,456,0.763001974983542,0.0112503649163911
"18402","SH2D4B",9,4,3,15,1,2,8,4,3,2,2,7,0.304347826086957,0.0271915766799218
"18411","SH3BP2",2264,1761,1759,1626,1522,1456,1848,1351,1355,1590,1436,1347,0.821310702498821,0.0492348743858265
"18420","SH3GL2",762,401,1160,533,208,243,411,459,320,26,24,635,0.328036904151717,0.0117773450819189
"18469","SHROOM3",4587,2548,1995,3946,5368,3826,2827,3348,3708,4388,5068,2228,1.41779273068226,0.0402212553468545
"18504","SIPA1L2",5162,2810,2339,3969,5720,3499,3120,4964,4846,9821,5409,2408,1.72955371567044,0.0425855322751126
"18505","SIPA1L3",2643,2492,2623,2049,1924,1955,3002,1704,1828,1967,1521,1727,0.749793615850303,0.021408416206621
"18532","SKIL",729,285,383,667,1042,877,788,679,829,1328,937,576,1.66044340723454,0.0113172494937208
"18575","SLC15A2",237,866,1324,179,238,600,1180,151,116,160,103,836,0.295975768065772,0.0372870688741991
"18598","SLC17A6",734,235,546,722,248,269,532,62,311,86,36,547,0.30518697225573,0.00204187496602247
"18609","SLC1A2",2094,2463,2333,2108,949,1101,1007,1001,1524,1298,825,1373,0.588679908595535,0.0194492193183079
"18610","SLC1A3",17226,26919,37269,6272,4652,11518,27543,11077,6880,9980,5400,21647,0.361692334667875,0.0181378968146183
"18666","SLC25A24",910,497,654,1055,1550,861,574,899,1173,1296,2100,361,1.94495186373735,0.018969920691799
"18689","SLC25A45",51,66,111,54,50,69,63,48,38,27,36,78,0.633569739952719,0.0411642751426636
"18791","SLC38A3",192,372,652,198,94,163,330,98,187,94,148,209,0.401433691756272,0.0422495709969436
"18816","SLC41A2",118,83,125,100,85,87,99,75,81,67,74,111,0.737421383647799,0.00450356836422776
"18826","SLC45A1",374,261,303,240,132,191,331,271,225,129,141,219,0.630208333333333,0.0101828632875066
"18837","SLC4A10",164,64,126,91,55,86,131,71,130,76,35,142,0.63091922005571,0.0497776985157712
"18841","SLC4A3",2132,1588,1639,1847,1585,1598,1583,1109,1427,1262,1002,1368,0.785960421384267,0.0342625579830993
"18842","SLC4A4",885,2150,3921,531,390,770,2515,702,438,1176,244,2204,0.304768146813043,0.035078342321704
"18860","SLC6A1",761,1538,2529,675,320,1109,4454,481,800,184,91,1922,0.251283778095799,0.0482680761217251
"18866","SLC6A15",576,142,257,560,564,561,468,672,672,818,526,298,1.65710560625815,0.0171379427613643
"18879","SLC6A9",3959,6868,8183,2214,2317,5118,6250,4340,3443,790,1370,5533,0.526494379980004,0.0426758199253439
"18894","SLC7A8",107,44,15,103,418,86,77,74,102,342,400,23,3.85365853658537,0.0484859252551866
"18928","SLFN11",6,13,7,7,48,43,1,1,19,55,22,4,4.94736842105263,0.0306513634106757
"18944","SLITRK6",182,230,72,162,245,221,47,231,254,550,315,149,2.15676959619953,0.0247696831878408
"18973","SMARCA1",5388,3684,4069,4818,6110,5399,5075,4695,5672,5923,6377,3789,1.27413041046863,0.00958669447600665
"18984","SMARCD3",2123,1624,2010,1361,1017,1410,3028,1152,1497,1300,1114,1541,0.640883032429195,0.0351291625481461
"19496","SNX10",442,613,749,302,421,522,578,198,258,198,123,611,0.522003034901366,0.0146108362727808
"19532","SOCS5",1287,812,742,1148,1255,1160,1093,1023,1178,1597,1794,756,1.37153134635149,0.0418081651660206
"19547","SORCS3",608,307,440,554,134,372,452,437,352,33,10,624,0.448241206030151,0.0151916470406916
"19554","SOSTDC1",69,94,5,53,164,103,41,281,147,489,732,15,6.91696750902527,0.0411440439322601
"19571","SOX6",2070,1993,2752,973,471,1153,2607,1058,942,180,161,2274,0.312968663667219,0.00130077066971638
"19574","SOX9",10623,8440,8958,6619,4665,6626,13981,6883,8607,5290,2081,6954,0.614520917678812,0.0334479670330017
"19714","SPOCK1",4060,845,673,2874,5104,2128,2027,4620,6469,5889,3640,2780,2.1004600648616,0.015992831792693
"19717","SPON1",2353,3107,4623,557,311,1211,6994,1668,896,41,1264,3437,0.255849271510607,0.0309154912690957
"19730","SPRN",503,368,469,263,248,305,477,212,278,384,228,323,0.688722430295464,0.0278818993570603
"19752","SPSB2",247,206,180,137,99,108,243,131,130,138,114,98,0.648064806480648,0.0423887545952729
"19757","SPTB",218,484,310,91,70,190,221,88,74,29,91,531,0.292183288409703,0.0235261380803048
"19777","SRCRB4D",14,21,17,10,8,7,21,10,8,9,13,16,0.555555555555555,0.00614479497630984
"19874","ST13P4",9,4,9,8,13,11,4,9,11,7,10,9,1.41860465116279,0.0462505068403121
"19884","ST3GAL6",212,168,326,156,99,141,220,193,206,81,34,206,0.585403726708075,0.036087741074517
"19885","ST5",2993,3768,4064,2260,2265,2528,3655,2297,1911,2854,2833,2585,0.760051746442432,0.049043411062386
"19904","ST8SIA5",546,1122,687,229,38,141,587,616,224,2,9,531,0.278227984873042,0.0160209214019797
"19910","STAC3",26,15,25,17,18,18,25,19,16,18,7,25,0.721804511278195,0.0456470697906111
"19914","STAG3L1",158,85,155,85,51,38,84,28,33,22,48,44,0.360065466448445,0.0155332450418507
"19939","STAT5A",28,22,21,16,36,39,18,27,24,21,51,13,1.67796610169492,0.0332547388423325
"19963","STK17B",456,233,196,330,428,311,164,519,543,838,1320,208,2.49464398235665,0.0458866284888242
"19971","STK32C",617,424,690,358,188,320,736,443,358,322,339,340,0.622432859399684,0.0388875931475789
"20011","STX12",2937,2455,2649,2204,1162,1171,3605,2119,2121,2792,1958,2154,0.707510622344414,0.0446293820124707
"20020","STX3",233,49,49,291,582,370,38,190,215,264,292,153,2.3530135301353,0.0331418599005857
"20027","STXBP2",19,4,22,13,28,19,7,22,15,23,32,9,1.87837837837838,0.0176353531212536
"20099","SV2A",9594,6844,8021,5534,4664,5751,9492,5495,5080,4575,3523,5215,0.650738255033557,0.0186193741092829
"20113","SYCE1L",26,25,32,37,23,18,46,14,21,22,16,17,0.622950819672131,0.0387169218766871
"20121","SYDE2",135,60,51,110,117,162,74,104,111,116,163,54,1.59710743801653,0.0225881814422466
"20163","SYT17",287,229,308,181,172,246,514,141,194,120,121,252,0.561264822134387,0.0412920176079455
"20245","TAP2",653,438,426,481,487,490,365,620,564,718,796,338,1.36060718252499,0.0394877644355816
"20247","TAPBPL",6,9,1,15,9,15,14,19,17,14,29,5,2.06,0.0319538607385118
"20296","TBC1D12",965,887,1084,642,600,856,1157,769,702,784,532,816,0.764366780760223,0.0413197761045272
"20372","TCEA3",15,11,7,11,14,14,8,15,15,13,11,4,1.46428571428571,0.0388774345662234
"20403","TCF7L2",1922,970,838,1477,2213,1535,1748,1588,1822,2548,2401,761,1.56907724209435,0.0214934634800309
"20408","TCIRG1",19,7,8,15,36,28,18,37,42,42,22,16,2.49397590361446,0.000570014500473507
"20417","TCP10L",49,31,50,41,22,23,35,13,14,10,8,37,0.37037037037037,0.00010465453682276
"20496","TEX22",59,40,76,33,26,35,58,19,33,29,11,37,0.504950495049505,0.012462010684897
"20592","THRA",2052,1456,2201,1252,911,1385,2711,1368,1336,981,1198,1446,0.645709660010793,0.034517125147107
"20642","TIMP4",433,890,1403,200,290,463,1512,452,245,317,149,999,0.35240022070995,0.0385729680951523
"20680","TLR6",5,3,2,3,35,9,5,9,4,42,24,1,6.47368421052632,0.0417635386669986
"20701","TM7SF2",2712,2118,2424,1680,1522,1771,3093,1629,1711,1484,1262,1425,0.697219744275944,0.0451876567236487
"20780","TMEM132E",591,192,217,82,34,137,463,109,92,26,46,373,0.231491136600626,0.0238082538242283
"20800","TMEM150C",209,128,172,165,138,153,217,127,125,145,66,151,0.723608445297505,0.0290889414761974
"20925","TMEM54",609,285,520,329,141,310,583,277,411,227,255,357,0.604174431606411,0.0298651711902232
"20932","TMEM59L",1583,1622,3199,694,385,1113,3166,920,953,604,453,1612,0.372852812394746,0.027132347188112
"20936","TMEM63A",1162,1090,1687,793,794,1007,1157,648,719,703,462,763,0.651383042693927,0.0384543764912454
"20937","TMEM63B",3738,2969,3970,2129,2806,3518,4086,2175,2030,2123,1729,3337,0.710910079588709,0.0359733384474911
"20979","TMOD2",2576,2548,2610,1810,1648,2125,4153,1240,1722,1366,442,2626,0.523371929179685,0.00867472543146497
"21059","TNFSF9",16,4,4,22,22,30,15,40,42,29,55,10,3.07042253521127,0.00225800669526989
"21077","TNNT1",7,2,2,7,12,14,3,9,8,6,25,3,3.08333333333333,0.0292513437737508
"21186","TPSG1",17,2,7,8,1,6,16,9,5,2,2,19,0.36231884057971,0.0465471764669006
"21187","TPST1",1199,1070,1152,1038,863,836,1175,844,815,1151,891,812,0.837728824076947,0.0489322948175861
"21227","TRAPPC6A",451,329,469,357,160,243,473,369,319,275,296,306,0.69685534591195,0.0174466578223054
"21263","TRIM22",554,975,614,710,1638,1382,394,991,716,1196,1153,746,1.77210117705985,0.0091377387891456
"21278","TRIM37",4395,3587,4123,3582,3014,3709,4320,3263,3261,3389,2295,3395,0.808947953166396,0.0178148974979631
"21320","TRIM71",339,69,76,275,464,258,84,264,303,391,287,107,2.07052631578947,0.0178958924551409
"21363","TRPC5",5,13,10,10,1,1,12,4,4,6,6,10,0.366666666666667,0.00156164858666532
"21377","TRPV2",1,2,1,2,10,10,3,15,13,25,32,1,10.5,0.00751561082090562
"21378","TRPV3",12,5,2,12,19,16,5,13,21,15,15,9,2.2,0.00185671788697667
"21400","TSGA10IP",13,1,1,16,29,19,1,11,30,8,21,2,3.47058823529412,0.0139539633351599
"21420","TSPAN12",2142,2717,3874,1604,1329,2157,3484,1596,1495,790,610,1982,0.504777573878378,0.0155127504277745
"21497","TTC37",4343,3386,3574,3599,4640,4553,3587,3828,4345,4562,3767,3421,1.17275216795984,0.0146424815980334
"21569","TTYH2",2469,2842,4252,1869,1457,2541,4310,2357,1684,1251,756,2767,0.542762980171808,0.0183376838061906
"21574","TUBA1C",2795,1487,1625,1417,6507,5573,2811,7277,3854,5675,5851,1240,3.0538021978022,8.30453270936392e-05
"21584","TUBB2A",15524,10729,10326,7602,6958,6665,16860,7763,7151,9713,4139,7403,0.619323826778096,0.044908681473732
"21596","TUBG2",552,366,457,392,252,313,527,350,358,383,355,331,0.766095238095238,0.0395975761667936
"21649","TYRO3",5057,3375,5164,3033,2399,3335,6054,3791,3985,2019,2034,3454,0.671959291425948,0.0459938947107203
"21747","UBQLNL",5,3,5,11,13,16,1,9,19,11,6,12,2,0.0413838672403218
"21769","UCHL3",503,264,218,397,420,333,309,439,478,579,626,246,1.48425400103252,0.030989590953374
"21819","UHRF1BP1L",1848,1503,1266,1865,2682,2389,1607,1250,1910,2699,1977,1245,1.3827940861367,0.0489115879254339
"21846","UNC80",537,598,737,368,308,498,930,265,379,357,116,535,0.519028340080972,0.0126207501955906
"21867","UPP1",1077,581,378,625,1454,870,573,635,767,1502,927,384,1.70121614151465,0.0449857914621587
"21916","USP25",1164,546,714,1120,1198,948,884,1172,1629,1267,1373,789,1.45428407130535,0.0149103388610649
"21936","USP44",251,53,47,186,229,281,99,314,403,507,278,113,2.68624833110814,0.00289425126794575
"21937","USP45",422,210,283,295,386,437,333,407,419,479,305,345,1.28866525423729,0.0367453495349648
"21965","UTRN",4394,2083,2189,3582,3985,3357,2273,3663,4466,4105,4148,2601,1.38558579605186,0.033406724383981
"21991","VAT1",8618,4400,4298,6279,5799,6201,6045,8689,8172,10968,10641,4506,1.47806478064781,0.0364493170246689
"22102","VSTM4",540,1269,1732,469,133,450,595,854,432,171,223,1230,0.38783204798629,0.0374947111158759
"22246","WFIKKN1",50,18,18,23,33,30,18,58,61,51,120,11,2.55797101449275,0.0434354840686524
"22297","WSCD1",9921,17633,14327,6432,7015,8269,19253,6031,6135,10281,3765,8585,0.544917335294349,0.0412705698483336
"22304","WWC1",4148,3313,3296,3362,2020,2774,3394,2902,2813,2464,2570,2752,0.766987416728349,0.00661556941902945
"22305","WWC2",2414,1202,1392,2186,2841,2421,2024,2033,2359,2585,3212,1282,1.47152380952381,0.0129768104814778
"22366","XRRA1",188,84,126,152,306,260,107,238,282,270,317,180,1.99880525686977,8.16593880016821e-05
"22516","ZDHHC14",432,479,451,220,141,237,508,185,209,213,148,229,0.488572660629582,0.0114668248736368
"22517","ZDHHC15",543,426,486,376,197,473,668,295,320,400,267,413,0.67032967032967,0.0225771289189806
"22540","ZFAND1",608,235,314,461,538,471,300,553,447,573,549,360,1.37445127304653,0.0494099711011142
"22598","ZHX3",2133,1619,1831,1269,1406,1185,2161,1389,1298,1417,1319,1483,0.763528963414634,0.0359251684043524
"22740","ZNF28",712,628,636,535,564,546,752,542,574,602,544,648,0.862183584760931,0.0313555321245431
"22745","ZNF281",1795,807,921,1426,1550,1327,1104,1545,1773,1743,1530,974,1.34737441297851,0.0446726165998622
"22755","ZNF296",26,18,21,17,16,17,24,17,14,16,13,25,0.709923664122137,0.00722012594189297
"22880","ZNF501",515,279,390,278,194,258,396,261,211,242,189,329,0.619570187471422,0.0111130797284218
"22881","ZNF502",405,247,274,248,95,114,311,113,167,251,238,170,0.590936555891239,0.0239608499589205
"22925","ZNF559-ZNF177",19,8,21,20,6,11,21,12,17,5,5,12,0.554455445544555,0.0313248435919064
"23047","ZNF704",5088,3261,4771,3950,2648,3157,4592,2698,4105,3148,2106,3647,0.705756845390968,0.0111959462229506
"23111","ZNF790",227,145,156,161,141,140,173,125,166,149,101,175,0.792671166827387,0.0376682406859304
"23125","ZNF813",261,186,196,239,213,245,148,249,285,267,249,191,1.23505323505324,0.0369537687861185
"23161","ZNF883",198,136,149,157,137,108,152,137,94,118,58,164,0.682008368200837,0.00801738902588585
