"","ENSEML_ID.biotype.symbol","X553C2","X3113C4","iPS1_dup","X690C5","iPS1","iPSC6","iPSC2_dup","iPSC2","iPSC5","X22q1115","X22q1115_dup","X1220C2","X1804","X22q1110C5","X22q1130","X22q1130_dup","X22q1160","X537","X1275C9","FoldChange","p.value"
"17","ENSG00000001631.10|protein_coding|KRIT1",18.3441,17.6224,18.3738,13.3369,18.8777,17.1838,20.4547,15.8879,14.8728,18.6454,15.818,23.7928,19.2484,19.0702,23.2063,18.4601,20.2614,18.8913,19.7881,1.14526688871091,0.0271309046032298
"37","ENSG00000003987.9|protein_coding|MTMR7",7.9475,6.56381,7.78487,10.9228,10.8839,6.35816,8.8276,11.7678,8.03225,7.22056,4.91283,4.57691,7.52695,7.36031,4.07972,9.03373,3.62247,9.58892,6.03555,0.727817782795492,0.0195679880339203
"46","ENSG00000004534.10|protein_coding|RBM6",88.1222,72.5729,87.442,76.0482,83.9396,74.3207,105.661,71.6301,97.9819,113.737,86.5834,96.8337,89.1753,115.454,108.157,108.62,102.212,102.223,97.5337,1.21216001560474,0.00272623596148678
"65","ENSG00000005075.11|protein_coding|POLR2J",22.7558,16.0789,18.9801,20.609,18.1358,17.0563,14.9733,22.132,24.2831,15.8573,18.9946,15.9209,14.2263,19.3655,14.5738,10.7122,18.2922,17.7066,19.2324,0.847942707693468,0.0482576486774112
"78","ENSG00000005302.13|protein_coding|MSL3",24.6161,21.991,18.5489,19.5067,27.8394,20.3781,23.3173,20.3563,18.7419,23.9315,19.5333,30.4486,26.5487,25.1628,29.1219,27.9179,20.5585,20.279,27.6677,1.15749046189957,0.0486979020583114
"169","ENSG00000008256.11|protein_coding|CYTH3",10.7877,10.8982,11.9086,10.5246,11.4881,13.263,11.4658,11.2967,13.2238,12.6861,12.4756,16.4167,12.9025,12.2728,10.6444,13.7861,17.7519,12.4223,14.4176,1.16538698125533,0.0228043386637845
"190","ENSG00000009335.13|protein_coding|UBE3C",18.266,18.2185,17.0098,20.4851,18.8384,17.4426,16.9295,14.15,16.5267,19.7498,21.6267,25.2863,19.8694,19.9657,15.994,28.2739,24.5607,18.3775,22.3902,1.23195647464378,0.00734544273114828
"217","ENSG00000010610.5|protein_coding|CD4",1.27855,1.33745,1.27826,0.851153,0.825786,1.01893,0.4561,0.406464,0.525731,0.968824,0.766017,2.61283,0.614779,2.12741,2.1653,2.0002,2.68083,0.461197,1.18339,1.75757759928527,0.0409190965537606
"244","ENSG00000011405.9|protein_coding|PIK3C2A",17.2468,17.3533,15.5169,17.0458,17.4935,21.4711,22.2098,12.2576,16.9452,15.7188,17.3231,21.1803,20.448,21.4099,32.3593,26.115,25.5835,17.0836,21.6817,1.25055782658372,0.033057577511516
"245","ENSG00000011422.7|protein_coding|PLAUR",6.00126,3.36483,8.98883,4.69649,1.65322,6.38234,10.1686,3.28614,4.51446,7.51154,6.7683,23.6216,6.92617,5.78856,10.8278,17.4175,13.9581,4.45654,8.31934,1.93728750124602,0.0321844234886262
"255","ENSG00000011677.7|protein_coding|GABRA3",6.06067,6.9703,5.56541,9.07863,6.71116,8.75404,5.2992,12.0789,7.99433,5.825,3.02694,2.74424,7.24166,4.74885,1.13032,6.367,2.76176,7.84414,6.94164,0.638836789824476,0.0155806837165805
"271","ENSG00000013364.14|protein_coding|MVP",4.42042,2.46147,12.7419,2.72558,3.65165,4.74566,2.4659,7.27569,4.94749,4.12112,9.95956,18.9538,3.46019,8.31125,21.695,10.3808,16.4067,2.50583,7.11696,2.03848442284227,0.0455280525986284
"272","ENSG00000013374.11|protein_coding|NUB1",37.9092,26.5829,37.5547,44.4846,36.3271,36.2266,34.7385,36.8434,34.7824,41.1667,39.8965,39.8793,36.6615,39.513,49.6863,45.8753,43.723,35.365,37.785,1.13257679995723,0.033604061991036
"280","ENSG00000013573.12|protein_coding|DDX11",12.7447,20.4764,24.4168,14.0801,23.0958,20.4721,18.282,11.6745,23.8238,17.1021,11.319,9.63256,13.9041,11.4619,18.3972,10.2639,10.6021,11.9729,11.7046,0.672661501825912,0.00606027670622768
"335","ENSG00000021826.10|protein_coding|CPS1",6.58701,8.23606,12.0253,3.32553,18.2615,4.45646,3.91736,0.727418,5.63248,7.20818,14.2182,16.3957,10.5337,7.26651,26.9782,23.982,17.2869,6.75703,9.08107,1.99047802123816,0.0276915466618344
"398","ENSG00000030110.8|protein_coding|BAK1",4.9956,4.85454,4.11363,4.55225,5.13006,5.88351,4.69951,4.50165,5.66855,4.79952,6.02155,5.04515,5.07225,5.30156,6.49321,6.85362,7.58345,5.27453,4.81056,1.16060073019169,0.0432640443375423
"474","ENSG00000040608.9|protein_coding|RTN4R",17.8874,15.7179,15.881,14.0942,15.7187,24.6126,20.1052,25.1124,18.9098,9.79396,8.54544,6.23132,9.95882,12.6063,8.0902,5.99589,4.43096,7.63153,9.29083,0.442264215730615,1.26940791965453e-05
"504","ENSG00000046647.9|protein_coding|GEMIN8",12.2645,11.0132,16.9265,10.9192,16.97,12.1202,12.1238,11.4194,15.4494,14.1912,13.5619,17.1035,21.0957,12.4732,13.1661,20.465,16.8731,14.8576,22.0845,1.25232261409222,0.0287264011826788
"505","ENSG00000046651.10|protein_coding|OFD1",14.9708,10.2041,12.7514,12.1963,14.4755,13.3652,13.4937,13.6793,14.4644,14.8174,11.7478,21.1985,20.4864,13.957,18.8968,17.5336,11.6072,13.3183,19.8354,1.22957942553848,0.0321383788134807
"521","ENSG00000047644.13|protein_coding|WWC3",11.1276,13.1154,11.3856,10.3207,10.8691,11.1077,12.454,8.59067,12.2049,10.5157,12.7882,16.7578,12.4739,11.472,13.0549,14.2159,14.7376,11.3437,14.9383,1.17684617260256,0.0177172304631372
"522","ENSG00000047648.17|protein_coding|ARHGAP6",1.17187,0.725705,2.13677,0.915288,1.42908,1.569,0.746486,0.17772,0.710729,1.19061,2.04946,1.67665,1.52077,1.39452,2.42551,4.32932,2.39601,0.949501,1.81785,1.85493413720299,0.0229399106097226
"583","ENSG00000052723.7|protein_coding|SIKE1",21.3439,19.0313,29.6607,18.1758,28.6959,30.8972,24.0571,25.2782,19.6828,25.4854,33.2637,33.4606,26.1351,27.4168,32.1655,36.0607,41.9873,20.2672,25.5473,1.25268428749915,0.0307632106326804
"611","ENSG00000054598.5|protein_coding|FOXC1",3.68127,1.30172,1.62282,4.01855,1.8586,1.82438,0.431099,0.454396,2.04243,3.2484,6.85615,17.0905,1.7218,5.90407,3.93931,5.72236,9.70661,1.67812,5.32789,3.19552319038901,0.0178601953689145
"637","ENSG00000056277.11|protein_coding|ZNF280C",5.53963,5.36138,4.4815,6.09985,5.68243,4.80865,4.97453,4.09246,5.27541,5.99989,5.05244,7.1361,7.3386,6.15963,6.72277,7.36101,5.95092,4.66075,4.77966,1.18848309779117,0.0239072219906345
"661","ENSG00000058673.11|protein_coding|ZC3H11A",64.0593,52.9934,61.7338,58.5116,67.7086,67.7713,65.6278,57.7624,65.4123,71.2547,74.2204,66.9304,66.707,71.135,79.1256,73.1183,72.9028,66.2438,58.4031,1.1218996920299,0.0067127446487076
"671","ENSG00000059588.5|protein_coding|TARBP1",42.2486,37.9182,31.3251,28.6089,41.0794,33.3456,28.7407,30.0202,45.0315,42.9778,39.0545,32.5476,42.0169,43.0971,68.8955,48.3518,50.8588,43.3645,31.9987,1.25298170195735,0.0378422287373705
"684","ENSG00000060656.15|protein_coding|PTPRU",6.98116,10.421,19.6322,7.18266,9.77588,11.1513,12.1205,11.471,8.02064,13.7227,18.5599,17.7695,7.12554,21.8268,30.797,44.6841,25.8977,4.73542,14.1886,1.85389953774605,0.039266560146852
"702","ENSG00000062038.9|protein_coding|CDH3",2.73268,2.64301,6.59174,3.53266,4.56455,5.78207,2.57224,3.60599,4.16346,4.03652,6.89673,6.52695,3.43266,5.48985,6.63453,11.1019,7.55995,2.47903,6.11553,1.49899650164141,0.0421297623666024
"793","ENSG00000065621.9|protein_coding|GSTO2",1.19923,0.800721,0.647836,0.725516,1.66898,0.901166,0.478979,0.722218,0.688594,1.08678,0.205396,3.7348,1.78077,0.578669,3.08156,2.94873,1.55493,2.59637,2.56326,2.31298140999127,0.0129719969045316
"827","ENSG00000066654.8|protein_coding|THUMPD1",23.4338,20.0516,22.27,21.1896,25.8743,20.6317,23.1466,21.0077,20.2774,24.5022,24.7127,23.9616,23.1106,24.4504,27.6899,22.275,23.0352,23.991,20.9465,1.08552991241781,0.0404186217849899
"830","ENSG00000066739.7|protein_coding|ATG2B",9.3084,8.50297,8.81405,7.62155,9.81344,11.0316,11.0289,9.76497,9.50169,11.7124,11.0763,9.84204,10.3692,10.5909,10.6904,11.95,12.5783,10.2381,10.7993,1.15780606006237,0.0051873797182618
"836","ENSG00000066933.11|protein_coding|MYO9A",8.66039,7.11089,7.16897,10.2715,6.55258,9.04675,10.0826,6.94068,8.12425,7.4693,9.7139,9.39909,9.43586,9.24255,10.0602,13.3871,11.2377,8.77291,10.1088,1.20262764538165,0.0249607870831829
"840","ENSG00000067082.10|protein_coding|KLF6",29.6302,26.4662,19.6721,27.4851,21.561,23.0818,20.7438,25.6535,27.4623,21.9097,41.0602,41.4822,25.8779,30.075,24.5163,41.6421,27.7533,27.5328,31.7862,1.27289511895958,0.0235367752833125
"862","ENSG00000067798.9|protein_coding|NAV3",8.87647,6.41697,13.0512,7.74744,15.4936,11.0289,9.23828,10.6142,9.29174,7.06322,6.83744,6.19901,7.3356,9.12168,2.76178,8.52358,5.64438,8.4282,7.72251,0.683026151170242,0.01020760551319
"869","ENSG00000067992.8|protein_coding|PDK3",3.26961,3.38207,3.65106,2.05556,1.76028,4.71548,2.85141,1.91214,3.00714,3.1166,3.747,5.79061,4.87521,3.85175,6.17347,4.85459,5.90442,3.3309,5.26147,1.58676243903814,0.00193790855958841
"877","ENSG00000068305.13|protein_coding|MEF2A",10.5776,10.3766,10.0573,10.0318,10.6701,12.2471,10.0264,8.03045,11.0575,10.5249,13.8991,16.0398,11.2231,11.8244,15.4331,13.0068,17.5843,11.4055,12.07,1.28616806795821,0.00351882968414473
"888","ENSG00000068650.14|protein_coding|ATP11A",8.64763,18.1697,10.749,11.4835,9.31319,18.9484,15.5898,13.3948,13.6618,13.9367,24.0696,31.2782,12.1908,15.5348,20.4276,19.8444,32.5031,9.0316,17.4796,1.47274066834492,0.038872369568727
"891","ENSG00000068724.11|protein_coding|TTC7A",4.87076,6.20234,5.28071,5.34302,5.89494,5.21927,5.30535,5.95656,5.54064,5.6769,6.00595,5.75415,5.79268,5.49352,8.47775,6.07902,8.536,5.50109,6.63132,1.16003582889285,0.0453671655787427
"925","ENSG00000070010.13|protein_coding|UFD1L",27.4108,28.6995,45.524,35.6072,30.021,34.3534,32.0434,26.9597,32.3597,14.7181,17.4013,13.431,19.1271,14.8012,13.4767,21.6521,18.0457,14.8757,16.4153,0.503619478139537,8.26038408155973e-06
"937","ENSG00000070371.11|protein_coding|CLTCL1",3.66155,3.40915,3.73914,4.35401,4.97215,2.82254,4.53203,3.22865,4.57467,2.07312,2.8614,1.52476,1.98511,1.62228,1.58683,2.66037,1.65953,1.97865,1.54272,0.497119841422977,7.56091295617627e-06
"939","ENSG00000070413.13|protein_coding|DGCR2",28.7651,35.004,29.6585,28.8991,31.3903,32.3834,27.8785,31.2877,29.4525,15.1812,15.5658,12.6842,13.2422,14.8208,12.7315,12.763,14.6127,17.4168,17.0951,0.478677929565145,2.14303694483727e-11
"945","ENSG00000070540.8|protein_coding|WIPI1",18.0312,11.2752,20.8353,12.7742,16.5577,24.6021,8.77536,9.48945,14.3907,10.5338,28.659,62.3851,15.7761,16.7036,24.4164,38.7137,50.305,10.7701,22.5354,1.84828599117934,0.0476631574295416
"1149","ENSG00000076706.10|protein_coding|MCAM",11.5801,16.3713,23.8387,8.61408,14.6361,15.2613,11.9367,24.4718,19.6098,13.7075,28.4923,30.6549,14.9575,37.6623,42.7111,26.1247,34.8147,17.8815,19.612,1.63994564511671,0.0125518156425478
"1201","ENSG00000078140.9|protein_coding|UBE2K",30.7296,31.6815,37.1958,35.993,38.1794,36.412,38.7515,33.3096,36.4161,37.1757,41.0418,39.2949,36.5803,33.981,39.2988,43.2793,44.0105,37.6404,36.252,1.09737620756366,0.0232551442365851
"1223","ENSG00000078747.8|protein_coding|ITCH",17.5164,14.3789,14.1137,16.0444,16.7612,17.8641,17.8762,19.5576,18.1417,18.6783,18.5125,18.1638,18.1059,19.7838,26.5078,21.7744,20.6977,19.391,17.2154,1.1753208778477,0.011580378160471
"1227","ENSG00000078967.7|protein_coding|UBE2D4",8.72807,7.72732,7.37575,8.1794,7.35511,5.92139,5.3216,8.52658,7.17475,5.84373,6.14548,6.26725,5.34971,6.78952,4.9341,6.05346,4.86259,7.78366,6.14499,0.816725463757562,0.0112710891267694
"1312","ENSG00000082153.13|protein_coding|BZW1",122.636,95.4232,101.338,112.765,98.4226,114.035,101.598,129.571,106.919,128.338,136.425,121.28,134.972,123.012,105.337,156.943,135.221,130.723,118.447,1.18206876957728,0.00314780634769534
"1352","ENSG00000083799.13|protein_coding|CYLD",10.484,8.45349,8.97942,9.10725,8.74943,9.07358,9.3207,9.49922,8.17174,9.13239,9.10068,12.2099,10.6399,9.32126,11.0461,11.5464,11.2702,11.1309,10.7756,1.16761196366077,0.0019199821900468
"1376","ENSG00000084623.7|protein_coding|EIF3I",81.6705,65.363,95.1536,83.4335,87.6684,84.4526,77.2134,72.1592,83.6608,77.7817,107.006,80.2241,90.4692,91.8752,100.384,101.11,90.4362,80.6333,92.6008,1.12383216448291,0.0292977225418984
"1405","ENSG00000085552.12|protein_coding|IGSF9",14.7386,15.963,11.3146,14.7365,13.7102,11.7374,18.4461,11.043,16.4779,14.3244,9.40581,7.29839,15.5829,15.3075,6.01759,6.24329,8.00193,14.0619,11.3066,0.755226013187451,0.03163401247733
"1413","ENSG00000085788.9|protein_coding|DDHD2",53.7223,38.2228,43.9573,40.4987,45.0301,40.1547,45.4093,49.2735,45.6556,47.9743,48.2708,53.8208,49.2752,59.3407,54.7162,55.8532,48.7795,46.2882,47.4729,1.14601834225997,0.00709768819274873
"1459","ENSG00000087157.14|protein_coding|PGS1",20.5766,21.9168,22.7868,18.928,28.0783,23.7041,24.9717,22.9071,25.2816,25.322,25.244,21.732,29.4846,25.3876,27.1418,26.9422,27.3014,28.3191,25.4308,1.12872972158871,0.017743973922203
"1681","ENSG00000093009.5|protein_coding|CDC45",5.71936,10.5995,7.31198,11.9728,5.13078,6.05519,8.04151,3.71917,9.60211,3.61064,3.56366,0.811724,5.75345,2.66169,2.42428,3.45772,4.01237,2.4518,3.12185,0.420854813623585,0.00102719576793072
"1682","ENSG00000093010.7|protein_coding|COMT",15.5607,32.0276,15.0188,11.1791,9.76201,11.2914,15.489,25.1454,6.91895,5.13309,4.66948,5.82632,6.15288,9.94548,3.88318,4.65312,8.00005,4.17518,13.1064,0.414280748149347,0.00819379856917627
"1711","ENSG00000095485.12|protein_coding|CWF19L1",12.5964,12.9799,11.0738,11.6456,13.9937,10.5698,9.74125,12.6342,10.9966,9.81219,11.7131,9.3743,10.1855,11.867,12.7182,9.95866,10.3252,10.3327,9.50854,0.896307357769018,0.0485398841308428
"1724","ENSG00000095951.12|protein_coding|HIVEP1",7.64672,5.15028,10.5277,11.4874,8.68861,10.3496,8.43137,6.97645,7.30102,7.03851,15.5777,13.6013,9.00234,7.68266,11.2707,18.0683,16.2245,8.7534,11.7406,1.39844824557221,0.0287284548931465
"1789","ENSG00000099889.9|protein_coding|ARVCF",46.2185,49.5377,14.3146,31.9351,21.8731,34.395,55.2847,76.2335,50.7747,27.9666,14.7073,7.61046,23.2605,37.9502,32.7897,6.1832,8.49617,29.1896,17.6651,0.486739511502445,0.0102208358448953
"1790","ENSG00000099899.10|protein_coding|TRMT2A",20.184,17.2764,33.8113,15.8859,31.1308,28.4221,26.6396,28.9379,26.8487,12.7502,19.2903,11.943,12.6232,11.0644,10.4708,11.724,15.3233,11.452,9.66338,0.496097403864156,0.000153787099165144
"1791","ENSG00000099901.12|protein_coding|RANBP1",96.2428,95.1741,87.9801,116.487,75.2732,96.2223,104.312,93.7481,110.545,59.9858,52.2059,24.5399,56.3206,46.1865,51.9756,39.6772,32.0123,40.1797,29.875,0.444828196751404,2.6558837336203e-08
"1792","ENSG00000099904.11|protein_coding|ZDHHC8",35.4169,34.026,33.6654,24.4308,31.7262,42.01,50.8869,30.4217,35.3782,22.37,23.6583,13.6775,17.3713,18.5769,16.7129,18.8904,24.4326,18.2451,16.7521,0.539744799773306,9.28876459196115e-05
"1793","ENSG00000099910.12|protein_coding|KLHL22",18.7995,22.1833,42.4184,23.3105,35.9367,29.1433,18.3226,25.2496,24.1075,12.2037,17.7173,16.1854,10.7477,8.02113,5.27348,18.7084,17.1792,10.6276,17.5749,0.504506713536564,0.000881642783080091
"1794","ENSG00000099917.13|protein_coding|MED15",24.7238,20.5415,21.7072,23.0185,26.1477,25.85,26.0414,29.6064,23.4936,13.1946,12.0878,10.4374,11.8879,13.7015,14.0491,10.3581,12.2535,11.8034,13.8249,0.503044949556845,7.58339761033091e-08
"1795","ENSG00000099940.6|protein_coding|SNAP29",14.0786,11.0591,17.9763,16.9743,15.7878,15.4708,11.6664,12.2472,13.5693,7.60307,7.73128,5.59392,6.11795,6.26908,5.395,9.16815,8.88438,8.51341,6.16199,0.499064711735949,3.54897054629148e-06
"1796","ENSG00000099942.8|protein_coding|CRKL",30.4379,34.0706,25.62,32.8104,27.5686,32.0492,33.1439,30.9991,32.6186,15.6833,12.665,14.0888,14.9821,14.8698,19.7513,14.8115,12.6194,16.8116,13.7912,0.483558005329404,5.68580395865624e-10
"1797","ENSG00000099949.14|protein_coding|LZTR1",44.4876,40.6238,58.7845,35.7783,58.5931,38.0453,48.5372,42.4169,43.4332,21.18,24.7359,29.5332,20.936,26.3156,17.061,27.0136,26.496,22.2936,17.9712,0.511766596485658,1.19756477499806e-05
"1810","ENSG00000100003.13|protein_coding|SEC14L2",4.62831,4.56252,4.40595,4.31997,3.20262,3.59135,3.91843,4.03674,3.90431,3.46219,4.76316,6.34674,4.97346,5.21937,2.43795,6.29868,6.6357,5.79287,7.19988,1.30754001892251,0.0278618402537477
"1818","ENSG00000100033.11|protein_coding|PRODH",7.47831,10.2042,0.955468,10.5231,2.14223,6.06938,13.4614,10.8756,10.1753,5.74328,1.24772,0.310015,4.19112,5.10745,4.54196,0.270277,0.883875,8.22028,5.57473,0.451855626657405,0.0194519963299544
"1822","ENSG00000100056.7|protein_coding|DGCR14",10.8025,6.78534,10.116,9.33318,13.4717,11.3516,9.7986,10.5846,10.579,5.9538,5.50846,4.67018,6.6736,4.63295,4.26699,4.61435,4.89196,5.90283,4.68263,0.502226991898087,7.40937240454782e-06
"1824","ENSG00000100065.10|protein_coding|CARD10",1.00023,1.52401,1.7857,0.851883,0.564603,0.820927,1.15199,1.45713,0.914973,1.48456,2.38741,6.459,1.22867,2.05707,3.83393,3.22158,3.00419,0.735594,1.57514,2.32225140262878,0.0211296815097717
"1826","ENSG00000100075.5|protein_coding|SLC25A1",62.0769,62.6423,36.7201,45.5342,45.0771,56.2711,54.3536,64.3758,58.9499,27.3574,26.2343,18.5351,25.4766,29.512,25.2217,22.1149,22.7676,27.8415,24.9522,0.462986639945185,7.39808907303308e-06
"1830","ENSG00000100084.10|protein_coding|HIRA",21.8213,17.3787,15.1782,20.4679,17.7811,18.7255,22.1022,27.7564,17.847,10.7609,9.14019,5.71165,9.41688,11.0712,7.51298,7.68402,6.80012,10.0329,9.81507,0.442042167271777,4.49067318409911e-06
"1883","ENSG00000100294.7|protein_coding|MCAT",10.8529,10.6771,9.93188,9.90616,12.1866,9.3247,10.4831,13.063,8.67974,10.2115,9.99643,9.23203,9.22347,8.2699,8.11106,6.40512,7.8219,11.4372,8.98362,0.848776133960316,0.0226841729250166
"1934","ENSG00000100441.5|protein_coding|KHNYN",22.6569,19.3384,31.152,13.7127,21.1281,30.6171,20.665,16.5177,16.3531,21.2066,28.4072,33.9887,21.6827,28.3736,34.4179,33.2961,37.341,16.9861,24.5911,1.31289990163474,0.0365942381597523
"1937","ENSG00000100461.13|protein_coding|RBM23",41.3553,46.2228,46.99,42.0715,50.2627,43.1184,45.4363,43.432,41.9285,49.1335,41.8655,34.4078,42.9884,38.1011,37.9662,37.5227,38.2119,46.4562,37.4802,0.907445782681644,0.0323279382969955
"1940","ENSG00000100478.10|protein_coding|AP4S1",5.19629,5.89739,5.1346,7.85986,6.34262,4.91332,5.32084,6.05946,5.24082,5.73195,3.38798,5.43236,4.79261,3.57806,3.3914,4.40774,3.38198,6.7061,4.94685,0.792478947449447,0.0225755740743886
"1988","ENSG00000100731.11|protein_coding|PCNX",12.5547,14.0993,13.4618,14.0056,8.69862,11.7894,11.977,10.1975,12.0648,12.4088,11.8289,19.0263,11.0417,11.3559,15.7246,16.9901,19.7651,16.1079,12.7069,1.21508622241952,0.0449337184812873
"2004","ENSG00000100852.8|protein_coding|ARHGAP5",22.5594,27.8482,27.4498,24.1221,27.3206,27.7067,24.4469,27.4914,21.7771,25.7978,27.0727,30.0011,22.3377,24.4245,35.3404,38.0646,37.3985,33.1252,29.0968,1.18061187870088,0.0321337579075798
"2016","ENSG00000100918.8|protein_coding|REC8",3.63107,17.4572,21.9048,3.55715,11.2994,21.1565,26.2695,32.58,7.0938,25.8199,19.4566,34.0052,24.967,53.5083,35.7066,34.8447,21.7022,8.22184,19.4325,1.72403833006024,0.0391997552672127
"2024","ENSG00000100982.7|protein_coding|PCIF1",19.8961,16.6935,21.6865,20.3258,20.7651,20.0931,20.875,20.9084,19.3536,15.9496,17.8582,14.8887,18.2334,16.654,13.4352,14.6813,15.1208,17.7928,16.8761,0.804780863037114,2.98245319395143e-05
"2167","ENSG00000101972.14|protein_coding|STAG2",27.9533,25.3024,34.6185,28.3439,41.0111,34.4228,28.0395,24.3417,27.4609,33.5973,32.8744,32.4347,44.6364,28.264,34.4529,45.5751,35.1762,28.1872,45.1774,1.19464120951431,0.0497413611159396
"2196","ENSG00000102189.12|protein_coding|EEA1",3.77155,3.33637,3.58788,3.84825,2.99491,3.28549,4.49703,4.07051,3.48775,3.97154,3.28104,4.3282,5.05534,5.93898,5.34709,5.34085,4.61768,4.99722,3.51729,1.26995246921052,0.00677506983639054
"2364","ENSG00000103657.9|protein_coding|HERC1",45.5192,29.0336,32.6766,40.5064,34.9761,35.6265,39.7134,40.9241,39.47,34.7612,24.4928,28.3152,33.2779,41.0308,23.9468,23.2209,21.7249,32.205,35.2589,0.793069025212006,0.00880960522497903
"2378","ENSG00000103966.5|protein_coding|EHD4",2.13458,3.5713,1.44812,2.18616,2.18473,3.51427,2.82186,1.92414,2.86011,2.95807,6.21855,6.30787,1.8016,2.6402,3.59748,4.88697,4.0848,1.70347,3.48647,1.49774906636132,0.0470985535194263
"2525","ENSG00000105176.13|protein_coding|URI1",25.1958,25.8342,30.2409,26.3108,23.202,26.803,22.3728,27.0918,28.6833,30.3306,29.847,26.8754,26.97,27.0557,32.2391,30.9956,30.6901,28.3187,25.8432,1.10399092878177,0.0215617885757007
"2626","ENSG00000105723.7|protein_coding|GSK3A",48.2939,48.5598,44.6908,50.0753,47.8351,49.3216,48.8711,60.1621,48.6144,50.7477,48.3268,39.1537,46.6617,49.1338,41.6643,39.7923,40.0798,51.0241,46.2534,0.912929745504331,0.0499233246137877
"2657","ENSG00000105926.10|protein_coding|MPP6",2.99403,4.8757,4.68338,3.78882,5.61256,4.23854,3.43511,1.93838,4.91113,3.84604,5.81051,8.57283,4.33742,3.79087,6.24902,9.23898,8.81566,4.4383,5.64241,1.49866660818337,0.0193936295253417
"2832","ENSG00000107651.8|protein_coding|SEC23IP",13.4047,12.9985,19.136,14.3935,16.4154,17.6442,12.4561,13.0735,13.4342,14.4347,19.0608,25.4377,13.7848,15.231,19.8122,21.824,26.7091,13.6895,15.8693,1.25806781336095,0.0438842855779291
"2838","ENSG00000107736.15|protein_coding|CDH23",7.85745,7.1559,9.14814,9.92641,5.91324,8.97138,7.6437,7.19719,8.20076,11.3508,9.77008,10.2958,13.531,5.94949,17.3283,26.2507,14.1165,8.2132,11.9582,1.6092341687754,0.0245028563350424
"2849","ENSG00000107819.9|protein_coding|SFXN3",27.442,19.375,19.5343,26.6593,28.5782,16.6886,33.9782,46.0136,25.0988,15.9132,14.2686,27.9074,14.785,13.3377,4.51425,20.3655,20.8756,29.6118,25.2631,0.690961568488873,0.0446811081430134
"2921","ENSG00000108439.5|protein_coding|PNPO",1.40127,3.71483,2.27153,1.3155,1.81906,2.31016,2.13763,3.35171,1.75059,2.99986,2.50188,5.75529,2.7311,3.6536,5.49761,4.99468,4.14982,2.74063,2.76033,1.69419318582642,0.0053605539081529
"2944","ENSG00000108588.9|protein_coding|CCDC47",21.2582,24.9674,28.7103,26.2721,27.5675,23.2338,25.142,24.82,22.9692,27.3893,28.7755,28.6739,26.646,23.1916,28.2704,33.479,37.9475,26.4381,26.9566,1.1513760750065,0.0252730820249062
"2965","ENSG00000108788.7|protein_coding|MLX",21.1079,19.7081,23.5836,21.5662,25.1987,22.5582,25.7169,25.6838,19.8062,20.2523,23.4499,22.439,21.0413,19.4225,15.0593,18.7158,22.7325,20.453,20.5995,0.896642505523848,0.0478273001021456
"3048","ENSG00000109738.6|protein_coding|GLRB",2.93561,5.89273,3.32564,3.09109,4.36367,5.49697,3.76237,6.03385,4.54433,3.03812,2.92854,3.12371,3.16033,2.8833,1.09728,2.86776,2.99003,4.65811,3.93412,0.700019976545305,0.0173906593937049
"3128","ENSG00000110628.9|protein_coding|SLC22A18",2.44459,5.21392,2.39885,2.05299,1.89262,2.87075,2.83774,2.67898,3.06464,5.94279,4.98603,3.2224,2.68575,3.41516,7.23235,2.89307,4.93597,2.64221,4.74064,1.50958995218243,0.0266845734544632
"3154","ENSG00000110911.10|protein_coding|SLC11A2",22.3868,25.2616,20.5643,23.6063,17.7961,23.8295,20.6012,20.8557,23.3836,22.3155,24.6186,32.2873,24.0063,22.4116,21.3212,24.2417,31.0831,24.4177,24.6839,1.14102476686347,0.0395417341210785
"3317","ENSG00000112294.8|protein_coding|ALDH5A1",6.66117,6.47614,6.60034,6.02804,7.15587,5.02014,4.47018,10.8698,6.16547,5.83576,4.16985,4.78474,5.35256,3.37976,4.23713,5.16718,3.53928,7.67073,6.25948,0.762977249540138,0.049953946171018
"3322","ENSG00000112309.6|protein_coding|B3GAT2",1.20518,2.22926,1.31486,2.61325,1.24021,1.7721,2.88069,4.31617,2.85465,2.22724,0.883621,0.727894,0.876391,0.910822,0.684418,1.14535,1.15279,2.68343,1.31936,0.555663311689742,0.0252819703685588
"3360","ENSG00000112679.10|protein_coding|DUSP22",18.7798,17.6906,21.3576,14.6086,21.1374,19.868,17.2096,14.6155,18.6142,17.5247,26.7175,30.5256,15.0374,32.3626,33.6356,24.2099,20.3405,18.5031,21.4742,1.31984546131865,0.0228908963000018
"3379","ENSG00000112877.6|protein_coding|CEP72",4.12693,4.2479,3.4494,4.08499,2.74161,3.939,3.86964,3.48693,4.53864,2.94177,3.07278,1.46458,3.85176,3.7827,3.2639,3.01295,2.06751,2.78995,2.66228,0.754505779897602,0.00489113513053176
"3543","ENSG00000114738.6|protein_coding|MAPKAPK3",15.6872,18.4946,15.9023,12.3244,11.893,13.0329,15.2025,11.2834,17.791,17.2943,17.8682,16.2633,15.4105,18.7281,19.1663,16.6736,16.3166,16.5753,14.9789,1.15755706386914,0.0354370537106015
"3559","ENSG00000114857.13|protein_coding|NKTR",83.247,80.3999,83.5872,87.145,70.9867,90.2686,95.1912,40.6827,100.287,74.5471,84.961,95.8997,102.227,87.2011,131.16,121.057,115.611,98.9427,90.1032,1.23195491963395,0.0320240087506406
"3586","ENSG00000115145.5|protein_coding|STAM2",12.0923,12.3776,14.2919,13.3928,10.9453,14.2591,11.6262,10.2965,11.4001,11.2585,15.1234,17.942,12.5904,13.0189,12.0073,16.9017,18.7589,14.5678,13.8025,1.18695449477692,0.027740895293968
"3627","ENSG00000115368.5|protein_coding|WDR75",20.3622,17.1148,25.8304,22.8484,24.4831,23.8614,19.7569,22.8093,21.4694,24.7007,27.6135,27.0125,22.6978,21.5028,30.046,24.3672,26.8131,22.1245,21.3281,1.12516466795174,0.0479033181192539
"3636","ENSG00000115457.5|protein_coding|IGFBP2",180.31,359.473,342.316,253.853,297.442,439.139,177.61,200.968,271.093,245.276,418.96,589.825,273.701,332.577,599.116,627.043,692.865,195.433,392.845,1.5585087090497,0.028229246440479
"3647","ENSG00000115524.10|protein_coding|SF3B1",198.349,183.171,201.861,170.178,222.284,199.374,196.174,184.829,190.711,210.314,237.122,281.415,205.881,211.651,259.189,213.991,235.028,188.55,183.278,1.14702704342644,0.0207150800472339
"3699","ENSG00000115970.14|protein_coding|THADA",6.85912,6.54056,6.46838,6.53533,8.66409,7.2528,6.58217,5.11249,6.32333,5.45825,5.89751,5.42089,5.68277,5.86731,5.62152,5.95261,6.03303,4.7798,5.4572,0.837839749134339,0.00816435298426541
"3752","ENSG00000116473.10|protein_coding|RAP1A",25.82,24.1672,30.3002,26.3966,23.5287,23.6098,24.5939,22.1903,26.1384,26.9172,24.1106,31.0936,28.1931,26.6522,24.3396,32.2279,36.024,29.3091,26.9564,1.13449565172522,0.0290425421121354
"3785","ENSG00000116717.7|protein_coding|GADD45A",18.0429,14.0338,11.4953,16.3984,6.48243,21.627,15.1156,8.92529,32.908,27.6788,29.2827,39.3974,32.7466,14.083,14.4938,17.5437,44.0016,16.9662,17.9337,1.5770307426005,0.0456042400389126
"3822","ENSG00000116984.8|protein_coding|MTR",6.08156,6.06545,8.08581,6.79847,6.84391,7.73297,5.83601,5.39569,6.78797,7.33437,8.0709,11.432,6.9403,8.22474,11.6338,13.2548,9.02858,5.5853,7.31939,1.34067848172934,0.0188878875079668
"3852","ENSG00000117298.10|protein_coding|ECE1",8.84917,11.7696,12.116,10.2126,7.21209,15.062,12.2182,12.8022,15.1037,15.0341,16.2836,7.16869,13.4908,19.6568,22.4732,14.3161,13.1184,17.0352,12.6291,1.29179996764932,0.047076944667549
"3853","ENSG00000117305.10|protein_coding|HMGCL",12.8592,13.3043,12.1195,10.752,10.5982,11.9731,10.1243,14.1075,12.8807,12.5107,12.5738,15.1488,12.2231,13.6664,17.4683,13.4388,13.5531,12.1318,12.8874,1.12254715835716,0.0459481649685693
"3870","ENSG00000117475.9|protein_coding|BLZF1",8.19799,7.62389,8.62065,7.76059,8.94782,7.73411,8.8276,7.1895,7.89024,7.88298,7.57664,9.68762,8.2058,8.40358,9.8123,9.23843,10.4604,9.31099,8.47294,1.10102872017253,0.0364740125700506
"3910","ENSG00000117859.14|protein_coding|OSBPL9",44.5548,40.6252,31.5445,35.6794,33.5086,29.048,39.9394,37.1954,39.6986,37.1797,34.0992,42.5488,40.7825,44.3542,48.9633,45.2983,45.4596,46.1253,35.2099,1.139317871727,0.038032089639177
"3937","ENSG00000118276.7|protein_coding|B4GALT6",6.91968,5.81867,7.82029,5.11814,5.34642,8.26391,8.14465,7.90882,7.46426,7.96698,6.89967,12.0221,6.11406,11.4837,13.822,10.8723,9.49143,5.69369,7.87678,1.32184779071167,0.0364068239609761
"3960","ENSG00000118557.11|protein_coding|PMFBP1",1.34499,0.92773,1.28566,1.20643,1.65035,1.53147,1.61785,1.87855,1.19228,2.50956,2.46534,1.26962,1.38898,2.00765,3.52582,2.33265,1.86061,0.724982,1.77405,1.41455459343696,0.0497059085554024
"3987","ENSG00000118985.10|protein_coding|ELL2",1.65998,1.37551,3.44033,2.08309,2.61691,1.75153,1.90196,1.45608,2.07125,2.53393,2.66914,4.63532,1.70939,2.6438,5.2373,7.92147,5.83387,1.50913,2.37139,1.8172315848652,0.0362498483328143
"4019","ENSG00000119421.5|protein_coding|NDUFA8",41.0333,31.3273,35.2032,41.3025,40.7514,38.8821,33.5733,43.5262,39.0497,38.3928,36.4352,28.4123,37.1984,33.4065,28.8881,34.0174,31.2021,36.2849,35.3821,0.886866986412263,0.0241854292030522
"4021","ENSG00000119446.9|protein_coding|RBM18",13.5255,12.4357,13.0122,14.5674,13.1137,13.5255,15.2811,14.5153,13.329,13.8469,11.403,10.6034,13.3454,12.8571,9.91097,11.9203,10.3446,14.0545,13.441,0.888480577492957,0.0177632676803228
"4053","ENSG00000119689.10|protein_coding|DLST",36.9015,35.861,38.0811,38.1233,32.8906,37.8803,34.3899,35.3176,39.851,38.1752,46.1844,35.0056,39.2807,37.0235,42.888,45.7729,44.4056,35.2664,36.9641,1.09588161178853,0.0403612851749512
"4122","ENSG00000120314.14|protein_coding|WDR55",10.8427,11.1578,11.0348,9.23449,11.946,10.6087,12.0567,9.68152,9.08292,10.9882,12.9089,10.7714,11.8898,12.1126,11.4968,12.0807,13.8566,11.8965,10.5971,1.11598135743369,0.0204321654220264
"4123","ENSG00000120318.11|protein_coding|ARAP3",12.4557,6.59763,8.48737,5.72971,2.22845,8.51137,10.4422,5.24098,10.1684,6.95692,5.95664,24.3567,10.4915,12.6363,14.4274,16.5711,19.1306,7.83927,8.06127,1.62871431473075,0.0409117134249702
"4193","ENSG00000121005.4|protein_coding|CRISPLD1",43.6609,18.9199,41.8146,22.7167,30.6364,46.6225,27.7436,30.9856,38.0529,32.2764,39.7367,52.3526,23.7075,57.2325,55.0165,89.4928,69.6529,38.7578,37.7804,1.48232075313188,0.0363966451475634
"4287","ENSG00000122376.7|protein_coding|FAM35A",6.53918,7.15731,7.82974,6.42073,5.66078,7.33519,6.6357,5.81017,5.40199,7.20077,8.35867,8.85087,7.19494,7.50715,8.42903,8.51132,10.6141,6.29919,7.15167,1.22648358697,0.00631941436551844
"4289","ENSG00000122386.6|protein_coding|ZNF205",12.8134,10.1583,11.0072,11.3834,10.6565,11.6821,13.9074,14.266,12.4568,10.6538,9.76474,9.18621,11.4638,11.3023,10.3403,8.685,9.55968,13.4386,10.0328,0.867567180615723,0.0242988396348044
"4295","ENSG00000122477.8|protein_coding|LRRC39",1.8253,0.938983,0.673968,1.81463,1.49244,2.60204,1.78185,0.85254,1.58227,2.06402,2.68698,1.5642,2.20816,2.37404,2.63515,1.13757,1.73724,1.82348,2.4185,1.37012512734977,0.0447780086394276
"4324","ENSG00000122692.7|protein_coding|SMU1",23.3824,18.0952,24.7851,22.6358,21.245,21.3453,15.3268,22.2578,22.0512,24.8756,28.2024,19.994,25.4757,26.1182,26.645,26.5681,25.2221,22.9195,19.6443,1.15682863430453,0.0214737056099726
"4370","ENSG00000123154.7|protein_coding|WDR83",12.8866,10.9373,12.2088,10.077,13.0144,11.794,14.1301,11.9587,12.1774,11.6173,10.2224,7.76659,11.1133,12.4795,11.9533,8.27225,9.48738,11.8148,10.5845,0.868075245250462,0.0232853502022679
"4410","ENSG00000123595.5|protein_coding|RAB9A",11.8022,10.3656,12.737,9.21184,9.12868,10.8838,11.7715,10.2474,12.2508,12.291,8.54575,19.3702,14.8369,11.4763,14.1027,17.2554,13.7524,14.0621,17.5283,1.30996433697071,0.00902967917326733
"4445","ENSG00000124164.11|protein_coding|VAPB",17.6428,19.5602,22.5222,20.1294,22.5397,20.8002,21.3418,21.3304,20.1266,22.162,27.4342,22.8305,22.1746,21.9409,23.0153,29.4089,29.7084,21.9853,21.3123,1.17087637027785,0.00945443237538321
"4452","ENSG00000124198.8|protein_coding|ARFGEF2",6.47887,6.93951,7.08165,6.99085,6.10538,7.24388,6.72986,7.30864,6.27899,6.28233,7.0355,8.38582,7.1749,8.87687,7.75969,8.09112,9.3339,6.34699,7.02188,1.12296863040638,0.0369713359354392
"4468","ENSG00000124257.6|protein_coding|NEURL2",1.93654,2.02144,3.54866,2.3998,3.77195,2.48285,2.85996,2.14451,2.36183,2.23565,1.48215,0.932312,1.71731,1.75648,1.25756,1.21376,1.18837,2.5728,1.83727,0.619456849292361,0.00226944269621868
"4483","ENSG00000124444.11|protein_coding|ZNF576",6.93185,6.29405,7.17105,8.79759,7.58737,7.18036,8.42746,7.65976,7.32101,6.52599,7.59971,5.33401,7.37652,6.80821,5.91147,5.12462,6.91798,7.17295,6.74666,0.875254124579749,0.0207422186690862
"4487","ENSG00000124486.7|protein_coding|USP9X",28.709,29.8749,29.2336,30.7791,20.036,29.7296,27.378,26.7389,28.7705,25.6188,27,40.3756,43.6057,29.35,70.6594,42.8124,30.5191,29.8547,44.4837,1.37652541536385,0.0377022284295881
"4814","ENSG00000128185.5|protein_coding|DGCR6L",16.9678,20.665,28.5316,22.2712,27.8458,21.4645,20.1996,27.4198,20.4568,10.2737,12.7531,8.71337,11.6875,10.295,7.06535,14.5056,10.8437,12.7013,13.8034,0.492550693049969,5.77366063973644e-06
"4815","ENSG00000128191.9|protein_coding|DGCR8",22.3886,27.8846,28.9741,24.2825,33.058,26.0287,29.5914,24.1442,26.7155,18.6492,17.0527,15.027,15.4733,16.4593,15.893,17.2945,14.9165,14.8109,15.2828,0.595609122729644,2.59677881554249e-06
"4888","ENSG00000128918.10|protein_coding|ALDH1A2",0.877687,0.985828,2.01113,0.599899,0.642483,4.61459,1.34044,0.930927,1.84519,2.06035,7.79374,9.40498,1.30043,1.19724,0.722251,5.34694,10.5841,1.34532,3.42254,2.80615349720476,0.0475974771011378
"4925","ENSG00000129317.10|protein_coding|PUS7L",6.73687,6.19819,6.77825,7.05115,5.76208,5.91607,6.73843,5.16277,4.86976,5.11229,6.36735,7.69602,5.8836,7.10863,8.63091,8.30191,7.26977,7.26195,7.64951,1.16191990483499,0.033025084573525
"5003","ENSG00000130227.12|protein_coding|XPO7",31.45,30.3554,28.128,28.4346,29.4707,30.4092,29.9073,29.4176,29.1362,30.7874,32.259,30.9965,31.2638,31.2622,33.59,36.1279,29.2808,28.8216,30.0261,1.06098320641598,0.0333312713829059
"5061","ENSG00000130649.5|protein_coding|CYP2E1",1.52592,2.17482,3.47242,0.394547,3.07752,2.1575,2.25873,2.4162,2.23311,2.39004,1.92989,5.82622,3.12291,2.54328,2.39036,3.67314,3.19128,3.80364,2.86072,1.44886964571191,0.0455908377795496
"5209","ENSG00000131791.6|protein_coding|PRKAB2",13.4054,10.6852,13.3294,11.1192,14.6082,13.5396,12.4216,13.7345,14.1638,14.2561,12.0805,15.7913,15.3502,13.9281,18.3423,17.7016,22.0275,13.8616,14.6191,1.21499219276812,0.0159696026365272
"5229","ENSG00000132000.7|protein_coding|PODNL1",3.15196,2.31968,3.38197,0.924939,1.57745,0.561707,1.96732,2.63913,1.47848,2.16306,4.11922,6.95248,1.29263,3.43027,4.5695,12.4459,6.96276,1.62358,3.73854,2.36455072468276,0.0317731407540165
"5235","ENSG00000132016.7|protein_coding|C19orf57",4.00144,6.39196,6.57022,5.8188,6.49168,4.98851,6.81065,6.8651,6.31345,6.08409,4.57735,4.77442,6.11952,4.9227,1.72606,5.26788,4.26928,6.46217,4.05441,0.800564847513843,0.0391445003478128
"5256","ENSG00000132286.7|protein_coding|TIMM10B",15.4146,13.9709,15.1888,14.8315,13.9385,18.1642,15.784,14.9698,13.3333,16.5491,19.4638,17.3358,14.7626,18.7301,20.345,17.3088,19.191,12.6089,14.7921,1.13557136072262,0.0404788730154011
"5276","ENSG00000132394.6|protein_coding|EEFSEC",7.53374,8.44698,10.0545,8.89798,7.74033,7.57418,8.46474,9.03399,9.17588,7.61066,7.69951,7.3734,8.49821,6.09637,4.09679,7.62036,6.2528,9.52477,7.85531,0.849758067619385,0.0335856475588679
"5279","ENSG00000132423.6|protein_coding|COQ3",7.12962,6.87364,5.36503,6.38698,6.23774,5.697,7.29849,5.69363,7.48461,6.03034,5.98787,3.82033,5.45515,7.34187,4.06513,3.88433,3.83678,6.0686,6.17786,0.814923339351664,0.0238327642505076
"5312","ENSG00000132623.10|protein_coding|ANKEF1",1.46166,1.70202,1.11703,1.99502,1.72964,0.845851,1.17492,1.18327,1.34387,1.44655,0.742997,2.3899,1.86554,1.71098,1.88787,2.59153,2.06432,1.4221,2.58603,1.3412457906423,0.0460446710586659
"5331","ENSG00000132763.10|protein_coding|MMACHC",3.67053,3.33613,3.08405,3.61647,3.58399,3.2423,3.41708,3.4495,2.96302,3.20453,3.29798,2.46298,2.70445,3.90109,3.01411,2.83885,2.74283,2.383,2.57749,0.86337050238991,0.0149111027457238
"5372","ENSG00000133101.5|protein_coding|CCNA1",3.27106,2.66513,2.5652,1.89135,2.00917,1.27755,1.80753,2.48482,2.61688,2.05666,0.529016,0.489846,1.98379,2.96757,2.0843,1.17782,0.988587,1.72566,1.80604,0.69107651336729,0.039212475237967
"5420","ENSG00000133665.8|protein_coding|DYDC2",2.48755,1.66463,0.45945,1.23898,1.18744,0.816191,1.77331,2.6275,2.52411,0.753173,0.179614,0.395088,1.28501,1.39556,1.0675,0.509251,0.475445,1.57672,1.06664,0.530043681099353,0.0239593959924249
"5448","ENSG00000133983.10|protein_coding|COX16",33.713,29.3175,29.3847,33.6375,25.0312,26.4239,30.3332,34.2299,29.474,29.1672,24.2674,23.4228,26.0956,30.5426,24.8839,21.9106,24.2031,28.951,27.3225,0.864277067991334,0.00983563382977248
"5558","ENSG00000134852.10|protein_coding|CLOCK",4.99175,5.3031,5.85835,5.51128,4.85767,5.62509,5.27277,4.58039,5.23899,4.89509,6.74882,5.40161,5.83127,5.25136,8.28864,6.41076,8.23552,5.16519,6.52416,1.19555265214051,0.0282834244695022
"5859","ENSG00000136856.13|protein_coding|SLC2A8",10.2643,13.8957,12.6012,6.53429,9.6268,12.7229,8.56654,11.5771,10.2474,11.9447,18.4455,25.0762,10.3755,14.8807,13.7419,10.9232,12.7952,9.53588,14.4537,1.33236417131326,0.0498184571389093
"5892","ENSG00000136986.5|protein_coding|DERL1",25.2295,23.5172,31.1087,28.63,26.3585,34.0953,26.4883,22.8093,24.4593,28.6526,38.2749,39.1082,26.0574,31.2291,29.149,42.2513,41.8194,25.7271,31.4217,1.23743904413792,0.0165938687368313
"5962","ENSG00000137502.5|protein_coding|RAB30",7.33879,7.74966,9.23907,7.76367,9.83221,7.52659,8.11478,11.7096,8.71803,8.2254,9.97253,11.1838,10.7475,10.4301,6.02134,16.9781,16.0786,12.3437,12.3061,1.31882661643955,0.031493304931839
"5983","ENSG00000137713.11|protein_coding|PPP2R1B",24.192,13.904,14.1644,16.9947,12.3285,13.3265,19.5186,11.6818,17.1226,18.6457,23.3811,29.2104,19.4267,31.028,73.476,34.4165,29.082,16.7662,13.1779,1.81347363144413,0.042567977333797
"6059","ENSG00000138134.7|protein_coding|STAMBPL1",1.83254,2.3502,2.36989,2.36073,2.92816,5.27364,2.82289,5.52806,4.77365,3.25285,3.12271,1.40167,1.95998,1.69005,1.61105,2.21146,1.4891,1.31966,2.50466,0.612004559559997,0.0292665529075826
"6191","ENSG00000139160.9|protein_coding|METTL20",1.23491,1.18522,1.73514,1.33205,2.08137,0.880557,1.65571,1.74056,1.49014,0.912702,0.715869,0.97739,1.10377,1.30267,0.883223,1.38501,0.930983,1.34144,1.21647,0.726816406570745,0.0127881916641603
"6249","ENSG00000139624.8|protein_coding|CERS5",45.6595,44.67,39.4562,54.0537,43.9608,39.8026,56.4279,68.4934,57.812,41.7695,37.7675,31.9491,41.8385,40.6122,35.5273,39.1269,45.9859,53.3685,48.3369,0.831943230844696,0.0451333546090212
"6322","ENSG00000140365.11|protein_coding|COMMD4",29.275,39.0119,44.8635,44.189,37.5425,26.8438,28.6756,35.8061,34.8955,33.6902,34.1069,29.1987,34.2374,28.9955,27.6031,24.8728,31.1192,28.7522,28.3651,0.843489703767858,0.0387905534214253
"6370","ENSG00000140718.14|protein_coding|FTO",42.352,37.7973,37.5074,42.0411,46.5999,40.5363,40.1395,48.1567,44.1783,42.4237,36.7161,36.9972,32.4662,39.2653,29.8787,39.4179,39.4369,37.9291,42.4992,0.894594426436529,0.0216576354174651
"6403","ENSG00000141026.4|protein_coding|MED9",10.471,11.0363,9.40397,9.25033,9.64623,9.29691,9.99876,11.1631,9.74315,9.84902,9.42488,8.15473,9.55993,9.66212,9.96687,8.26811,7.79569,10.0245,9.44448,0.921403481289527,0.0411224887285229
"6472","ENSG00000141564.9|protein_coding|RPTOR",10.1138,8.95352,9.62569,8.28705,10.4922,9.90708,10.1302,10.1604,9.50009,8.93133,9.75194,7.45132,9.05196,10.8511,7.65219,8.38272,8.6101,8.77604,8.40378,0.907149303493414,0.0335751403971173
"6506","ENSG00000141873.6|protein_coding|SLC39A3",18.5888,23.1858,21.7703,19.977,21.7122,18.2392,20.523,27.6831,17.9312,18.4159,18.993,17.0811,16.8558,17.9164,11.5459,16.3133,16.931,18.2909,19.3009,0.814721223391519,0.00668598973119038
"6521","ENSG00000142089.11|protein_coding|IFITM3",49.3458,7.80267,109.824,24.7645,55.0802,95.5058,41.4559,71.7341,28.2879,47.6234,125.206,195.794,21.2779,37.5449,121.689,130.681,166.519,77.541,130.325,1.96109833370081,0.0286537493823959
"6565","ENSG00000142627.9|protein_coding|EPHA2",6.87787,6.02286,3.30658,6.48092,3.59816,6.55989,10.3321,5.29403,6.90339,7.86868,6.43511,8.74744,6.07678,11.9971,12.0357,12.8468,14.2216,3.05277,6.73971,1.46308533691613,0.0499635669283544
"6566","ENSG00000142632.11|protein_coding|ARHGEF19",5.30281,2.99976,8.28988,4.99558,3.67394,4.46289,5.36928,4.02609,2.9925,5.18276,8.91619,11.5195,6.45258,6.90642,6.36083,10.413,12.8389,2.23336,5.02129,1.62089579564184,0.0270781064908317
"6611","ENSG00000143158.6|protein_coding|MPC2",27.2075,24.7026,22.915,28.7859,22.6775,21.6434,22.7588,29.8147,23.971,22.4289,21.0057,19.3513,20.6234,27.4539,20.094,21.9919,17.2275,24.6989,23.4092,0.875175430468415,0.0332979845495191
"6691","ENSG00000143549.15|protein_coding|TPM3",108.564,106.204,91.5667,115.665,102.453,110.611,104.317,83.7484,104.445,116.882,140.95,115.467,113.682,110.124,145.696,135.349,126.652,109.466,103.857,1.18191366059057,0.00422726800226169
"6708","ENSG00000143641.8|protein_coding|GALNT2",34.8278,37.6221,54.8391,35.5939,38.7394,41.3007,32.0631,19.1709,37.451,36.2305,52.5008,64.9513,41.2681,34.719,46.8264,71.8594,69.8494,29.838,50.7023,1.35361836867627,0.0357634522650311
"6864","ENSG00000144848.6|protein_coding|ATG3",18.5788,18.723,21.2883,18.7831,20.7803,18.8889,16.8584,18.6158,20.9732,17.536,14.9655,17.9328,18.0716,15.8808,17.4683,17.5332,18.2243,20.7152,16.2791,0.905794576972249,0.0173591765196967
"6913","ENSG00000145391.8|protein_coding|SETD7",7.71684,7.0702,5.45936,7.35892,4.7913,8.57514,5.86691,5.89537,6.72476,6.74898,9.77349,7.82641,7.18924,7.83543,7.66296,7.24989,7.33172,7.25059,7.92793,1.16243476154917,0.0414251436195375
"6972","ENSG00000145920.10|protein_coding|CPLX2",19.2175,23.2862,2.19352,19.7641,5.95467,19.826,24.0573,42.0496,27.7652,17.5637,5.39582,0.211733,15.929,16.3463,11.5071,2.17666,1.71135,15.5411,18.6409,0.513384373243786,0.04618743447079
"7021","ENSG00000146411.5|protein_coding|SLC2A12",1.65464,2.28849,1.53491,1.74163,2.21507,2.02861,2.26006,0.307838,1.58642,1.66284,3.33213,2.23355,1.78038,1.82528,3.16633,4.53577,3.27926,1.40511,2.53214,1.48405709482363,0.0395737439109194
"7042","ENSG00000146700.8|protein_coding|SRCRB4D",1.74714,1.871,5.56992,2.57657,1.98408,2.61421,0.767914,0.361258,1.14461,1.3989,5.22976,16.5757,3.17467,0.576896,5.37849,10.7988,11.4569,0.622462,5.16498,2.91574132590627,0.045773854868716
"7073","ENSG00000147065.11|protein_coding|MSN",73.048,80.3403,50.93,64.2243,39.0279,68.3707,55.413,39.4508,56.3686,55.2695,74.2702,77.0768,60.1019,84.138,94.4511,79.5426,129.982,55.9005,71.4729,1.33539492493554,0.034101771014223
"7085","ENSG00000147155.6|protein_coding|EBP",52.022,40.6362,46.9997,52.7431,56.9771,49.9399,61.0988,56.6471,46.3801,47.3006,47.1291,18.8322,43.3088,56.4851,45.2152,45.9047,36.5705,44.1377,43.3086,0.831542214377573,0.0340735768628287
"7236","ENSG00000148835.9|protein_coding|TAF5",3.6525,3.39983,3.43742,3.94576,3.65345,3.42866,4.57296,3.38893,3.28819,3.58882,2.38186,2.35153,3.74919,3.68146,3.7815,2.62303,1.91077,3.57447,2.82618,0.836858522264303,0.0376153030357437
"7241","ENSG00000148848.10|protein_coding|ADAM12",3.11566,2.05956,6.10175,4.74987,3.91233,7.54957,1.40449,1.79078,6.97909,5.186,10.6275,9.14608,6.02527,5.9687,5.93389,17.4603,11.7965,3.31924,5.02691,1.92340383558443,0.0256165327675008
"7278","ENSG00000149292.12|protein_coding|TTC12",2.15206,6.56202,3.94905,4.28814,2.13781,4.58371,2.39315,4.54099,4.8912,4.28127,7.28922,7.45002,4.90649,5.29885,4.31788,4.0692,4.48641,4.81661,7.32541,1.3752055108255,0.0385702457050059
"7322","ENSG00000149679.7|protein_coding|CABLES2",10.6047,11.1775,13.5289,14.6448,16.1187,9.45928,14.9403,14.0167,14.15,11.9199,10.4059,8.89317,10.9513,11.125,6.03471,12.7766,10.2749,14.0137,11.3616,0.81743410871531,0.0301798999594963
"7405","ENSG00000151116.12|protein_coding|UEVLD",7.30183,7.00675,7.90831,5.40144,6.5421,5.87203,5.63066,5.72659,6.23389,6.82923,6.70047,10.6971,6.66824,7.15079,8.02871,7.93367,9.0142,6.72306,6.81102,1.19570524923816,0.0251089123464724
"7495","ENSG00000151893.10|protein_coding|CACUL1",14.4767,15.6351,10.844,13.8848,12.8674,12.5357,12.1111,14.8431,10.5675,12.7068,19.8966,23.5049,14.3857,18.1729,25.0129,23.7295,19.9755,13.0445,15.176,1.41845372240064,0.00454769645485591
"7532","ENSG00000152270.4|protein_coding|PDE3B",4.16742,2.102,4.91549,3.52385,1.43978,5.30044,4.61686,3.46484,4.01247,4.60989,10.4859,5.82415,4.57589,6.08063,6.56759,5.83634,13.8468,2.45383,2.88705,1.69486953372,0.0478881673596739
"7546","ENSG00000152439.8|protein_coding|ZNF773",6.67381,5.69989,6.88671,6.17741,5.32454,6.19573,8.12135,5.67136,6.17132,6.91381,7.26994,6.00632,7.09838,7.67891,6.17872,7.75382,8.65605,8.31363,6.50402,1.14430453398433,0.0327266230357891
"7578","ENSG00000152763.12|protein_coding|WDR78",3.73906,4.20335,2.33912,2.01536,3.9772,2.39179,3.42587,2.66258,2.89213,3.16238,3.38898,3.41154,2.81113,3.79941,4.3351,4.10699,4.53874,4.42601,3.78758,1.22949100897547,0.0444612812653391
"7621","ENSG00000153214.5|protein_coding|TMEM87B",3.10506,2.56235,5.36583,2.61244,3.12229,5.78382,2.61826,2.24975,3.91706,3.15624,6.39161,9.3547,3.32606,5.01493,5.76538,6.19897,7.00216,2.7123,3.37953,1.50211897426864,0.044027178803991
"7735","ENSG00000154710.10|protein_coding|RABGEF1",8.39511,7.81336,9.20457,10.0569,8.95121,7.93253,4.66437,8.34551,4.1671,9.35546,11.6367,10.9192,5.94115,8.72974,12.3546,11.0391,13.4005,8.03064,9.65415,1.30812962224147,0.0248097759105256
"7781","ENSG00000155158.15|protein_coding|TTC39B",1.68324,1.61595,2.72075,1.19692,1.50043,1.86642,1.13738,0.778905,2.29893,1.55337,2.8074,3.47615,1.74159,1.76618,2.18825,3.72773,3.45297,1.72107,2.72589,1.53014762896629,0.0176166841096069
"7800","ENSG00000155393.8|protein_coding|HEATR3",11.9107,10.2138,6.94691,12.6816,9.63313,11.3473,13.4636,14.013,10.8707,8.14906,6.7181,8.8189,7.02752,10.9867,9.98789,9.02331,8.58222,13.4077,8.43346,0.811444138616318,0.0402820826528213
"7857","ENSG00000156136.5|protein_coding|DCK",16.8856,20.0781,14.3046,21.8438,14.7226,15.2591,18.2079,19.2102,18.7183,15.8343,11.0872,14.2622,17.5389,15.9248,14.4251,13.7113,10.0435,18.4111,16.8019,0.836752513028307,0.0288985035855908
"7901","ENSG00000156671.7|protein_coding|SAMD8",12.1113,12.3229,11.3305,12.7452,10.6342,13.4775,12.1358,11.4057,12.3575,11.2556,12.1319,17.3926,12.8448,11.0374,14.1493,17.5899,15.6999,15.1083,12.217,1.15631529866219,0.0405746176140927
"7971","ENSG00000157483.4|protein_coding|MYO1E",3.68937,4.40666,4.78294,8.12608,3.7992,4.77599,5.70691,7.70832,4.12137,8.29895,5.63646,5.08039,7.47746,4.16586,7.41827,9.02153,13.3012,7.40785,5.62462,1.40266900326932,0.0486273062914186
"8034","ENSG00000158122.7|protein_coding|AAED1",0.850705,1.6637,1.59993,0.728097,0.980642,1.11014,0.884208,1.22976,0.764789,0.753838,2.43907,2.78888,0.854716,1.37665,2.54537,1.6381,1.90458,1.0184,1.44,1.537269484388,0.0397193598546276
"8102","ENSG00000158882.8|protein_coding|TOMM40L",12.2922,8.77792,8.58451,10.0983,7.97688,8.35337,9.37251,11.0023,9.20221,8.0591,6.66153,6.88846,8.80002,9.95874,5.81247,8.66115,6.06737,9.94885,8.08288,0.829399335981004,0.0254480079451714
"8348","ENSG00000161558.6|protein_coding|TMEM143",4.77213,4.8879,4.58031,3.56514,4.79155,6.07371,5.6491,6.43309,4.83691,5.25388,3.78253,3.53936,3.39275,5.33896,3.18696,4.70713,3.58397,4.68738,4.77523,0.834030893725444,0.043773906688345
"8456","ENSG00000162601.5|protein_coding|MYSM1",14.365,14.8679,15.7596,14.8327,13.4332,14.6403,16.6832,11.8659,14.4853,13.9281,17.0889,19.852,15.8616,18.7072,27.0732,22.9126,24.1048,14.5359,14.6348,1.2970684265476,0.0155032617931005
"8497","ENSG00000162804.9|protein_coding|SNED1",2.26184,1.81508,1.81129,1.51322,1.44798,1.15813,1.8106,1.68662,1.44549,1.83007,1.07228,3.96861,1.65526,3.04268,2.53827,2.93829,3.46059,1.71549,2.41727,1.48324803933045,0.0227871860396241
"8511","ENSG00000162889.6|protein_coding|MAPKAPK2",36.2062,33.3299,33.864,30.7129,31.2732,37.6815,41.4151,29.996,36.6909,36.775,42.4023,49.6602,33.579,35.0782,47.8371,40.3038,39.3244,35.48,34.3612,1.14188842936828,0.0389518884089066
"8529","ENSG00000162976.8|protein_coding|PQLC3",2.21101,3.03489,3.45355,3.21911,2.75798,2.07486,1.42713,1.36791,2.43764,1.8812,4.4824,5.82877,2.19524,2.36087,5.16132,5.52248,4.14614,2.38323,4.64518,1.58051403561122,0.0202095128756201
"8530","ENSG00000162980.12|protein_coding|ARL5A",20.6404,15.6563,15.1252,14.1977,19.4785,21.8553,17.2361,18.6634,17.0757,19.0784,21.9733,20.0208,18.3979,18.8558,24.7169,21.8015,25.8822,17.6625,18.3669,1.16352284707051,0.0320399787086366
"8666","ENSG00000163635.13|protein_coding|ATXN7",7.22805,6.80199,5.75351,6.21601,5.89822,7.54566,7.9287,7.53758,7.02471,8.4329,7.26268,7.53897,8.09997,8.87381,10.0915,7.38372,7.7573,7.70936,7.10782,1.16626934323929,0.00868831637172302
"8676","ENSG00000163681.10|protein_coding|SLMAP",16.5345,14.0501,13.45,13.872,16.1447,16.4799,18.2565,15.8424,14.5487,16.9976,15.2013,17.9632,15.5011,18.9776,15.5768,19.1992,20.2747,17.9937,14.5792,1.11394810129129,0.0444607454683006
"8765","ENSG00000164053.13|protein_coding|ATRIP",5.41375,4.72796,5.09256,5.83776,6.43366,5.20005,5.93665,4.66629,5.82774,4.92738,5.44884,4.45622,5.35343,4.94904,5.68032,4.7637,4.65266,4.70385,3.99248,0.896181040458381,0.0402258845207097
"8799","ENSG00000164128.2|protein_coding|NPY1R",4.95047,9.35815,2.18327,4.4149,3.30124,6.81359,5.08337,9.29881,4.89515,1.98294,4.56857,0.713515,4.20522,1.80226,1.16914,1.83897,3.13597,4.81692,3.75084,0.500724378938328,0.011527920716547
"8825","ENSG00000164237.4|protein_coding|CMBL",10.8979,10.7602,10.6589,8.03405,9.39419,13.4049,9.67568,6.40762,11.7055,12.5742,10.3685,17.3283,11.8744,23.4995,15.7854,18.2531,16.6346,4.95002,12.6134,1.42395851546103,0.0300143776886631
"8829","ENSG00000164253.8|protein_coding|WDR41",32.5601,23.6125,33.9153,29.8112,33.1879,26.5137,24.3049,28.6034,34.9172,28.3584,39.6732,30.2292,27.1752,37.2116,35.9097,45.0933,41.3558,32.55,38.7069,1.19897366077071,0.0222028638425475
"8841","ENSG00000164323.8|protein_coding|KIAA1430",13.2348,13.3194,16.9558,13.1102,17.2864,14.6846,12.0108,13.9091,13.5057,13.7782,15.9443,22.4151,13.9349,12.721,22.2039,21.2736,19.9096,13.7857,15.659,1.20658202673399,0.0498619724927922
"8887","ENSG00000164631.14|protein_coding|ZNF12",11.5147,9.87718,11.0692,10.7154,11.2089,11.737,9.90294,11.345,10.4773,11.7495,11.9938,13.5245,11.7053,12.2248,15.8522,11.9091,12.4617,12.9634,11.0812,1.15402858035791,0.00390732182008352
"8987","ENSG00000165195.9|protein_coding|PIGA",5.09904,4.76938,2.90727,5.03665,2.63441,3.01715,4.79074,2.73079,3.70477,5.51593,5.00447,4.92355,6.44964,4.87335,5.86716,3.57116,5.16698,3.65529,4.41761,1.28280107926734,0.0292606585378634
"8990","ENSG00000165219.17|protein_coding|GAPVD1",15.0243,14.6798,12.7851,16.5697,16.0211,14.9545,15.7904,13.7248,16.067,14.3008,16.0025,18.0803,16.1582,16.3545,16.8831,20.6821,20.3645,17.5092,16.0401,1.1439429657262,0.0113257707485921
"8997","ENSG00000165264.6|protein_coding|NDUFB6",22.51,27.499,28.2808,29.8176,31.8886,25.9678,22.8625,27.9292,30.2289,24.9812,28.2932,23.8057,25.4788,22.5852,18.2518,25.7666,21.2863,23.6872,25.7312,0.874065244606542,0.023721991769649
"9064","ENSG00000165661.11|protein_coding|QSOX2",13.0102,12.746,9.59566,11.7845,9.06316,13.88,14.6016,16.8261,13.1843,11.755,9.58454,5.11063,11.0927,12.6937,11.3374,8.83749,10.7655,9.86184,10.9038,0.799957485958857,0.0260692059384022
"9093","ENSG00000165813.12|protein_coding|C10orf118",7.54314,7.76945,9.01019,10.2898,11.5906,11.5822,9.99949,6.24267,8.44591,8.7354,10.7196,15.637,10.2625,7.43194,11.0249,15.1504,17.462,11.2376,11.7076,1.30262582685701,0.0329364610352158
"9125","ENSG00000166004.10|protein_coding|KIAA1731",10.7891,9.6518,10.1761,10.5885,10.8154,9.22916,9.28759,7.68459,8.83009,7.97958,8.54535,7.25318,8.99756,8.62194,8.90196,9.77854,7.96469,9.10156,6.94311,0.869347471802306,0.0117110085623743
"9132","ENSG00000166046.6|protein_coding|TCP11L2",4.13939,4.19536,5.36291,4.5293,4.88661,2.92024,3.40847,5.10786,3.45648,3.16656,2.27958,3.37387,4.0732,3.99567,2.92273,4.12145,3.84142,4.08555,2.99151,0.825287436767595,0.0483197414406776
"9142","ENSG00000166135.8|protein_coding|HIF1AN",17.5536,13.3667,18.2928,15.6106,21.4056,16.597,15.2268,17.0318,15.738,17.8934,22.5236,20.3944,19.3965,19.2881,21.796,21.4352,23.7426,16.3876,15.802,1.18545300481558,0.0129292921431077
"9214","ENSG00000166452.7|protein_coding|AKIP1",11.5737,12.4547,13.4407,15.5084,16.3911,12.8568,13.6823,16.1599,16.1391,12.298,12.2957,10.1927,12.7219,12.3032,13.2432,13.1201,12.2877,13.0632,12.4098,0.870016543597176,0.0178588035792818
"9288","ENSG00000166900.10|protein_coding|STX3",3.19967,4.08114,3.85459,2.89454,2.99381,2.19261,3.2353,5.98988,3.52951,3.02133,4.87435,11.5025,3.29952,4.03349,13.0647,8.53258,10.489,2.50586,5.73522,1.88772952405379,0.0320942721424354
"9291","ENSG00000166912.12|protein_coding|MTMR10",6.72232,6.49707,7.5063,6.43122,8.00931,6.64529,6.05204,7.10624,4.92918,7.77334,10.8689,10.4608,5.90179,8.97446,9.05654,12.0781,9.96555,4.94153,6.26454,1.2964662831431,0.0299690782678545
"9339","ENSG00000167216.12|protein_coding|KATNAL2",2.81035,4.93719,3.88822,3.77812,5.97521,4.54957,4.30836,2.94272,5.12399,6.11966,6.44953,4.56364,4.89249,6.2726,7.70968,6.05264,5.44915,3.1812,3.82529,1.28059293626593,0.0440110070343975
"9407","ENSG00000167619.7|protein_coding|TMEM145",16.6677,16.7073,29.6643,14.7298,25.2692,9.08251,16.3885,21.0994,22.9412,19.8591,4.25846,0.684709,17.3268,16.7104,4.23693,4.3186,2.41462,28.0503,10.9878,0.5677368774055,0.0335314055445906
"9408","ENSG00000167625.6|protein_coding|ZNF526",4.44874,2.96746,4.35132,3.80893,4.09921,5.16743,4.46504,3.86508,3.70681,4.34151,5.36432,4.78163,4.58268,5.5273,7.36705,5.76517,5.65403,3.25418,4.03666,1.23663373826804,0.0342086481445349
"9489","ENSG00000168014.12|protein_coding|C2CD3",14.1489,10.9842,11.9517,13.6759,9.83234,11.3548,12.4186,12.7553,10.5612,12.0591,9.80841,5.89977,10.7267,10.5527,9.90176,7.80735,8.87642,11.5173,10.5316,0.816406006373897,0.00943809407962344
"9533","ENSG00000168275.10|protein_coding|COA6",13.2405,13.5203,13.6802,13.6721,14.6205,15.4992,14.8598,14.7393,14.6121,14.7347,10.7889,10.3492,12.3628,14.0361,14.3407,12.6177,10.0488,11.7499,12.5806,0.86612422534334,0.00600377239223227
"9537","ENSG00000168286.1|protein_coding|THAP11",22.6024,24.7461,18.9817,19.5973,22.2424,20.4596,26.3679,22.2449,20.3135,22.6182,18.7015,19.5446,20.9163,22.0771,17.3459,16.7254,15.9924,22.1992,18.8945,0.888425396773975,0.0411447595812275
"9547","ENSG00000168385.13|protein_coding|SEPT2",250.499,264.876,313.509,266.237,281.362,279.206,214.502,182.599,240.928,242.67,306.152,406.745,288.73,249.294,287.666,374.441,392.103,237.037,278.214,1.2018682331481,0.0464494771984639
"9601","ENSG00000168765.11|protein_coding|GSTM4",5.95851,12.4116,5.36245,4.80717,3.31949,5.83084,4.56753,5.37302,4.41412,8.89208,10.7668,6.27707,5.94398,8.76945,12.0373,6.55925,11.2001,6.38242,6.06868,1.43352491212847,0.0440330490630083
"9626","ENSG00000168890.9|protein_coding|TMEM150A",8.83462,10.4522,10.6021,5.54066,10.6143,9.88227,10.0717,8.54604,7.06106,8.51488,11.3489,16.8354,8.35012,9.56358,11.122,12.293,10.5575,11.7082,10.9717,1.22711614920418,0.0473548466820559
"9640","ENSG00000168961.12|protein_coding|LGALS9",0.515538,0.990987,1.26018,0.235871,0.700419,1.66638,0.98384,0.752194,1.6627,1.29547,2.75871,3.25912,1.10514,0.974645,1.81096,1.55932,2.12806,0.519138,1.39694,1.72520126061389,0.0383554575231755
"9654","ENSG00000169064.8|protein_coding|ZBBX",0.570399,2.52422,1.30688,0.981802,1.83276,0.460544,0.70095,1.12961,0.885526,1.0158,1.41657,2.29904,0.763338,1.65809,3.71898,2.71119,3.32285,2.57168,1.40821,1.80869162760636,0.0270791297179606
"9681","ENSG00000169221.9|protein_coding|TBC1D10B",25.3289,26.75,24.1346,29.0743,25.2233,24.8103,31.3989,27.8978,25.1764,25.4385,25.6721,20.2695,25.2787,27.0874,17.5214,20.7577,21.4729,26.7243,23.1654,0.875954661178634,0.0205057001407474
"9727","ENSG00000169612.3|protein_coding|FAM103A1",3.67936,4.45081,3.26225,3.21265,3.08742,4.3967,2.94243,3.99954,3.57932,5.0777,4.89638,4.2521,5.35324,5.28741,5.8214,5.34181,4.97754,5.07623,2.53148,1.34170858570619,0.00254716702436858
"9802","ENSG00000170145.4|protein_coding|SIK2",27.9863,18.8944,20.7565,21.3034,16.7877,18.8907,21.3865,21.1343,19.298,22.8445,24.3867,32.5987,21.6866,30.2042,40.3168,33.0337,25.2006,28.2205,19.7029,1.34294483200295,0.00733549399107811
"9813","ENSG00000170248.9|protein_coding|PDCD6IP",72.526,61.7849,67.7435,75.4804,69.454,64.6489,75.6573,69.4114,70.6896,91.2706,80.115,66.437,74.0534,82.9445,87.4263,73.7919,69.7171,74.8086,69.3069,1.10438091731538,0.0295676546647915
"9827","ENSG00000170322.10|protein_coding|NFRKB",15.0052,12.2866,15.4811,10.209,15.4174,16.3376,16.8029,13.3418,16.3875,17.6184,18.5032,19.9548,16.2263,19.0399,28.2719,17.1618,18.5875,13.5165,14.385,1.25649349313738,0.023528045506017
"9924","ENSG00000170949.13|protein_coding|ZNF160",16.0414,11.7015,12.8663,13.1567,14.1835,13.8508,14.2453,13.0437,10.364,12.1317,15.7232,16.182,14.5273,15.2518,15.9995,16.5579,17.9441,14.5801,14.4326,1.15524054608834,0.0120086366463733
"9957","ENSG00000171189.12|protein_coding|GRIK1",7.61399,6.10749,18.0543,6.29753,11.185,7.96277,5.30266,3.97182,5.68457,4.26449,4.8193,5.18731,5.16124,4.62206,2.16627,2.71002,4.36197,6.67806,4.24264,0.551287785156386,0.0374553071073756
"9983","ENSG00000171357.5|protein_coding|LURAP1",1.54859,2.74993,2.17753,0.873076,1.54748,1.27527,1.08785,1.30036,1.85833,1.80276,1.47905,3.2873,1.69118,2.09452,4.39236,3.00783,2.58563,1.29368,2.10817,1.48200967429432,0.0486072190309416
"9987","ENSG00000171388.9|protein_coding|APLN",0.581638,1.17165,1.8363,0.46438,0.643848,0.508909,0.837234,0.475735,1.12059,0.660598,1.04322,2.87503,1.21658,0.631056,2.90859,2.86291,1.34488,0.451712,2.03459,1.8881823502896,0.0492283685949628
"10066","ENSG00000171928.9|protein_coding|TVP23B",16.0286,17.7301,13.3051,12.6661,10.687,16.0433,14.455,16.1715,12.9326,17.2522,15.6427,22.4601,15.1496,18.0402,19.6726,18.8503,21.9978,14.7088,16.5034,1.24789112077976,0.00588831472670308
"10085","ENSG00000172057.5|protein_coding|ORMDL3",37.1712,37.0038,47.4048,35.0548,39.4464,42.743,35.0658,41.5417,33.4868,38.6048,44.0853,49.1854,38.2453,40.2621,50.6325,42.8039,44.0942,40.7067,44.1277,1.11623010315022,0.0367591493884502
"10169","ENSG00000172671.15|protein_coding|ZFAND4",6.67578,5.80907,5.86994,5.20382,6.50745,4.92736,5.92959,5.14212,5.94512,4.25551,4.7757,3.13946,4.85431,4.94268,3.62074,5.32036,4.25991,5.24623,5.21065,0.789517354752188,0.000981763896906053
"10177","ENSG00000172748.7|protein_coding|ZNF596",4.54149,4.52341,5.78909,6.4286,4.46823,4.19663,3.97854,3.98611,3.3995,3.49668,6.07702,6.35825,7.09755,4.82007,7.5875,6.85474,6.5259,6.77666,6.33873,1.3492527522536,0.00471513021532025
"10204","ENSG00000172922.4|protein_coding|RNASEH2C",17.2336,18.3992,18.068,16.6644,15.818,16.5856,20.6655,17.2954,17.1409,17.5159,16.7028,13.4992,19.8112,14.7683,15.2121,10.7344,12.0612,17.5321,16.1328,0.877763180731561,0.0475516085445234
"10208","ENSG00000172939.4|protein_coding|OXSR1",23.7321,23.1226,20.152,23.3035,16.8057,23.9777,23.3794,20.2561,25.6604,25.5678,25.8495,22.8251,23.8225,28.0688,29.6776,27.423,31.76,22.8732,22.4855,1.16931126630886,0.0122116318707488
"10223","ENSG00000173064.6|protein_coding|HECTD4",40.2136,28.641,25.6748,34.9795,26.7897,25.5922,36.8147,33.8845,33.1011,29.6528,25.3836,21.9402,26.4534,33.2567,20.7315,21.3626,19.6855,31.8654,27.135,0.811085924622783,0.0199297130782777
"10327","ENSG00000173889.10|protein_coding|PHC3",7.33935,6.59182,5.95736,7.96597,5.4096,8.20805,6.47011,7.03341,6.50322,6.68013,8.09048,7.08638,8.06525,8.48083,9.87148,10.5605,10.0366,11.4429,8.18679,1.29558627359733,0.00327892118044261
"10345","ENSG00000174013.7|protein_coding|FBXO45",10.0981,10.1444,7.62104,11.1963,7.26519,8.41518,10.4481,10.0292,10.3771,10.2506,6.11203,6.75227,9.61895,8.58574,7.17256,7.75035,6.29602,9.68873,8.65288,0.850428747791479,0.0455922986942145
"10363","ENSG00000174194.11|protein_coding|AGAP8",0.841679,0.300392,0.873881,1.119,1.62823,0.465603,0.771159,0.72938,1.91246,1.7199,1.45369,0.381229,1.38642,2.49772,2.56621,1.53176,2.38269,0.96929,1.77061,1.73500831541265,0.0220175732922938
"10519","ENSG00000175467.10|protein_coding|SART1",27.5714,20.6838,41.0897,40.4181,34.052,32.613,32.6772,35.5212,28.3494,26.5356,36.1334,24.9702,28.3323,25.2788,22.6885,25.258,24.761,24.9897,26.1928,0.81449140167891,0.0282288885658673
"10601","ENSG00000176225.8|protein_coding|RTTN",12.0963,7.65794,7.61477,8.96515,8.4894,6.06084,8.21469,6.90673,7.89946,6.55814,7.3584,4.77095,6.55502,8.06144,8.70438,6.56877,5.52694,6.77225,5.61637,0.809730969154031,0.0363842825229293
"10615","ENSG00000176401.5|protein_coding|EID2B",8.01711,6.70714,5.60302,6.3413,7.3089,4.67977,7.62615,7.77138,6.05847,6.12107,4.16545,3.91736,6.04531,5.06387,6.69366,4.86431,3.84759,7.57817,6.38084,0.818619442239347,0.0416915798756911
"10675","ENSG00000176973.7|protein_coding|FAM89B",49.3448,57.7294,36.0604,51.3089,35.3044,47.9216,56.2312,51.4644,55.2175,44.3076,36.2475,47.5909,49.4895,44.9397,27.6059,22.1858,26.8688,52.8483,41.2862,0.80355688127493,0.0400952056870361
"10740","ENSG00000177565.11|protein_coding|TBL1XR1",21.8595,26.8184,27.2866,25.1411,34.1838,29.1499,29.0011,23.3084,26.5523,27.9815,28.1115,41.3165,28.6577,31.5693,35.0529,41.9365,39.3257,32.5357,21.064,1.2116516119327,0.0341444862052219
"10770","ENSG00000177788.5|lincRNA|RP5-1061H20.4",0.338163,1.49427,2.71254,1.76686,1.47399,2.18426,0.33092,2.62638,0.813926,2.01238,3.32571,3.55817,1.93966,3.33586,3.15963,3.64988,2.79421,3.59734,3.33034,2.0109337472871,0.000722618721078416
"10857","ENSG00000178665.10|protein_coding|ZNF713",12.8463,7.84196,6.06949,10.2519,8.96725,8.04214,8.83655,9.87461,9.06815,5.71935,5.24402,4.08322,8.8428,7.38809,6.42162,5.49139,5.39047,10.5342,10.7639,0.768856022156926,0.0437406837382365
"10868","ENSG00000178764.6|protein_coding|ZHX2",6.67498,6.18598,7.12997,4.53345,6.64789,8.50673,6.47443,3.52561,7.06188,8.22407,10.1288,11.6747,5.35727,6.62583,8.02257,10.2881,9.33728,7.04862,7.42521,1.33447263456426,0.0155626317165968
"10964","ENSG00000179833.3|protein_coding|SERTAD2",16.7162,9.81843,16.2178,14.2964,11.376,15.0305,17.5427,5.58108,14.409,13.5169,19.0686,20.1703,15.985,15.9196,15.6505,21.5672,20.9896,10.7436,17.8282,1.27529515090367,0.0428182597743741
"10969","ENSG00000179889.14|protein_coding|PDXDC1",31.2497,23.874,32.2585,24.7455,31.0693,39.8241,26.3231,29.2397,33.0943,32.8876,37.3361,41.604,30.333,28.8293,46.4883,43.0926,75.3671,31.3577,37.5821,1.34125601538879,0.0454922494730191
"10973","ENSG00000179915.16|protein_coding|NRXN1",19.8822,16.1174,15.4132,27.0692,34.0333,14.2716,21.9373,32.0619,19.3387,17.3915,8.94415,5.29471,17.6246,12.8131,4.65615,9.79988,4.70758,27.5288,19.8052,0.578184727729896,0.0137412668270973
"10995","ENSG00000180182.5|protein_coding|MED14",16.9642,19.7699,21.6016,16.1343,12.5967,18.5888,16.8788,16.0833,17.5776,17.9271,16.6693,29.359,27.0431,18.9137,32.0944,22.1022,17.4273,15.9503,25.1565,1.28287303323021,0.0308513551552082
"11001","ENSG00000180233.9|protein_coding|ZNRF2",2.36402,3.94146,1.92189,2.63124,1.92154,2.51762,2.77536,1.94595,2.48147,2.52722,3.77353,3.06616,3.39566,2.39597,3.14087,3.12974,3.79708,2.96778,5.34839,1.34166320378835,0.0217842442381205
"11024","ENSG00000180488.10|protein_coding|FAM73A",4.54449,5.09832,5.98918,4.93581,5.23864,5.01403,4.24167,3.85578,4.26309,3.94544,5.11169,7.49407,5.12809,5.2481,5.80268,7.17558,8.1359,4.9839,5.23124,1.21421479025155,0.0478514246475609
"11033","ENSG00000180616.4|protein_coding|SSTR2",16.884,26.9388,3.83901,24.4547,5.79003,15.0665,24.689,25.9758,8.67584,11.6046,11.5915,1.15551,17.2315,11.6178,11.6123,1.3405,1.45833,7.44599,16.62,0.54171251722104,0.0493404967250142
"11040","ENSG00000180758.10|protein_coding|GPR157",0.894895,1.27715,1.93006,0.659195,1.56608,3.18029,2.00516,1.32359,1.80835,1.90818,4.28968,3.35164,1.93301,2.7071,2.6887,2.69453,1.99763,0.818569,3.49948,1.59098894007895,0.0272236847749181
"11122","ENSG00000181638.13|protein_coding|ZFP41",9.34163,7.98557,10.8851,9.28732,9.70263,8.23188,12.7826,11.1456,8.17372,8.22552,9.49224,6.54983,9.76645,6.93134,8.93681,8.66223,6.93212,8.92009,8.37082,0.851177372065566,0.0407896187368589
"11169","ENSG00000182149.15|protein_coding|IST1",157.894,133.347,141.122,136.149,159.805,166.86,156.47,137.664,165.757,178.572,172.558,172.342,167.658,162.455,227.459,177.951,206.31,166.792,145.733,1.18078723724566,0.00642699711325932
"11195","ENSG00000182318.5|protein_coding|ZSCAN22",2.75056,2.70881,3.21577,2.96561,3.53031,2.39825,2.96053,2.62936,2.21832,2.37969,2.03658,3.02939,2.1735,2.77551,1.94127,2.25103,2.35979,2.23267,2.20089,0.829170383867297,0.0122686932091963
"11259","ENSG00000182912.6|protein_coding|C21orf90",3.18214,1.23257,1.90939,0.149994,2.00891,0.821942,3.84503,1.92824,0.503259,5.82919,3.07373,12.7272,2.61578,4.51489,5.82882,2.26722,5.45196,0.593094,3.62063,2.68718222119536,0.0236053330574351
"11327","ENSG00000183474.11|protein_coding|GTF2H2C",6.18392,7.12911,5.21574,8.08037,7.38717,6.70443,4.99678,4.8022,4.35472,6.72823,7.97021,12.2111,7.85313,5.97608,15.9845,13.2026,6.94764,10.3737,5.25795,1.51773723330327,0.0226720472302563
"11341","ENSG00000183597.11|protein_coding|TANGO2",7.75354,7.42185,4.41721,9.80924,5.65282,7.17412,7.00314,9.03025,7.64007,4.4265,3.94321,2.60025,3.34089,4.39258,2.78647,2.89543,3.8535,5.06085,4.66887,0.518520994127058,7.92156903324232e-05
"11347","ENSG00000183628.7|protein_coding|DGCR6",7.48751,9.51143,2.34622,10.374,4.67933,7.34418,9.65989,16.4164,12.119,1.99912,2.09995,2.75434,3.65781,1.67908,3.54858,1.86059,1.21885,7.45913,5.91936,0.362495227548964,0.00305445382208974
"11401","ENSG00000184007.13|protein_coding|PTP4A2",104.492,75.9532,128.569,105.652,89.8232,88.6704,90.5606,98.162,84.617,91.9618,132.241,140.603,82.7745,98.0341,107.186,137.921,158.585,102.609,109.544,1.20636374358713,0.0497190909303391
"11454","ENSG00000184436.7|protein_coding|THAP7",11.9566,13.3344,16.0719,13.8435,13.6557,15.5719,12.8595,14.4276,11.5426,6.4683,8.03397,5.11809,6.36728,5.40263,6.52407,6.62809,7.48504,5.32995,6.2547,0.464458782269233,1.14828939432052e-08
"11459","ENSG00000184470.15|protein_coding|TXNRD2",3.07977,5.75782,4.01915,1.2856,4.68105,2.02856,2.70156,6.98495,1.54117,1.27014,1.31514,1.39919,1.19038,1.77047,1.83473,1.12566,2.26064,0.712215,2.39612,0.428534135212906,0.0142211563627964
"11468","ENSG00000184524.5|protein_coding|CEND1",7.40999,11.1527,6.39629,11.2377,11.8696,6.29872,10.1897,18.9037,14.1837,10.5965,5.55743,1.67514,7.06221,6.33342,5.07662,3.16688,5.1701,13.5467,7.2124,0.602789780227996,0.0241262510337973
"11488","ENSG00000184702.13|protein_coding|SEPT5",74.3485,63.1983,56.5647,69.8899,72.8231,58.8105,64.993,107.564,91.437,33.9637,32.9495,24.3569,32.6933,34.4206,13.8688,32.0033,29.827,41.9259,42.7535,0.434920614466617,2.34722722932445e-05
"11511","ENSG00000184922.9|protein_coding|FMNL1",2.28112,4.00789,3.11969,1.63275,2.77691,2.31057,2.79865,2.6322,2.82257,2.8688,3.38067,6.83537,2.77146,1.82974,4.0426,5.34453,5.04544,3.23585,4.25574,1.46208958529428,0.0302075791767988
"11539","ENSG00000185100.6|protein_coding|ADSSL1",2.58572,3.55692,8.1267,2.43944,3.73475,3.46478,1.846,3.49871,3.44087,3.2387,6.46865,11.1349,4.308,3.57684,12.802,8.82559,7.3916,3.45933,3.21628,1.77341090338286,0.0436612549471553
"11563","ENSG00000185252.13|protein_coding|ZNF74",21.0346,16.2793,16.692,16.9408,18.761,20.1474,23.1646,25.6393,22.7814,10.1153,7.4194,8.49915,10.5876,10.5091,9.13024,7.71001,7.43766,12.0252,8.95775,0.458289713867474,1.70253302216527e-06
"11603","ENSG00000185522.4|protein_coding|C11orf35",1.30811,2.94488,1.64666,0.608139,1.7199,1.37585,2.61025,2.42625,2.53121,3.45894,1.5623,3.1029,1.88517,2.64383,3.86511,2.41656,2.40023,2.62724,2.76161,1.40068442313078,0.0359477515063912
"11612","ENSG00000185608.4|protein_coding|MRPL40",10.3953,9.91408,19.1538,10.3372,15.6175,12.3646,10.5116,18.1,11.7557,5.72493,7.24946,6.286,5.60323,5.19862,5.29999,6.61574,6.15374,7.1206,5.85939,0.465515297616297,0.000316483569758385
"11643","ENSG00000185753.8|protein_coding|CXorf38",5.43127,4.12658,5.78102,4.95953,4.59692,4.953,4.54255,3.78747,5.24847,4.46489,4.9353,7.18746,8.58139,5.36536,7.93283,7.23875,5.27908,5.04664,7.4168,1.3149400105603,0.0111556866109675
"11645","ENSG00000185774.10|protein_coding|KCNIP4",2.82785,2.89052,1.18381,5.08559,1.67048,2.60801,3.13106,6.30298,4.01626,2.78098,0.909713,0.806786,3.59944,2.43724,1.25416,1.38982,2.32392,1.81753,2.32603,0.594990035858794,0.0472908953941958
"11655","ENSG00000185838.9|protein_coding|GNB1L",3.46629,3.30954,4.86781,2.8278,4.37481,7.40273,4.766,3.70875,4.35585,2.21452,2.26522,1.04621,3.04951,1.69074,3.18022,1.77798,2.04495,1.45291,3.43104,0.510188952900722,0.00118042433948803
"11815","ENSG00000187231.9|protein_coding|SESTD1",30.0146,17.8938,29.2271,37.8263,21.7309,29.9939,44.1667,33.5886,26.8717,31.6126,36.003,25.9524,43.0583,43.7353,32.146,50.9777,58.4579,33.0927,42.013,1.31708845409887,0.0320960774858246
"11932","ENSG00000188321.9|protein_coding|ZNF559",9.82344,8.85614,8.66088,11.7124,10.9501,8.70164,9.70617,9.33793,12.76,10.2993,9.24914,11.7234,6.23703,1.56174,4.67895,4.40133,4.40565,9.81337,6.57607,0.685584722794604,0.0158299329456631
"11963","ENSG00000188629.7|protein_coding|ZNF177",8.52556,4.9362,6.66479,9.43721,7.14224,5.70122,8.59118,10.2447,8.03616,7.09134,4.25453,5.97203,4.70989,1.12499,4.7562,5.39983,3.04194,9.90068,5.36835,0.670587445651123,0.0152961403467614
"11973","ENSG00000188706.8|protein_coding|ZDHHC9",26.0052,19.7958,26.1944,23.368,20.4802,25.1555,23.3294,20.4284,23.0724,22.8369,25.7166,31.6341,25.2536,26.0192,21.8162,34.1848,33.0533,25.686,23.7847,1.16916556039019,0.0282421353905027
"11975","ENSG00000188730.3|protein_coding|VWC2",1.18698,1.69509,0.536933,1.12726,2.31608,2.89825,1.85175,1.99507,2.39406,1.44009,1.87614,1.23062,0.82335,0.658234,0.541294,1.05716,0.326266,1.32642,1.59992,0.611915203056619,0.0324657998557832
"12013","ENSG00000189060.4|protein_coding|H1F0",69.9857,85.3711,62.3514,85.5568,43.1734,139.124,71.8784,25.4893,78.0447,162.89,104.258,144.617,141.77,117.539,146.216,71.4944,135.152,106.993,110.721,1.6906625789667,0.00178445523738354
"12095","ENSG00000196323.7|protein_coding|ZBTB44",9.36205,9.61502,9.59208,8.99428,7.58786,10.4432,9.31681,8.33928,6.76752,8.66732,9.88743,11.0472,9.75278,9.26767,13.4847,12.6321,12.1353,8.36608,8.82993,1.17052840544827,0.0428842161532272
"12113","ENSG00000196381.6|protein_coding|ZNF781",3.4104,2.8307,2.53083,1.91862,3.59967,2.62726,2.32457,3.49816,3.10833,2.06615,1.71238,2.16212,2.0731,2.93831,1.51819,2.9856,2.49823,2.66017,2.16865,0.793259890113716,0.0284513903218587
"12115","ENSG00000196388.4|protein_coding|INCA1",1.17746,0.977729,1.14835,0.543467,0.903009,0.74271,0.695923,0.898442,1.05452,1.42996,0.80166,1.58024,1.04939,1.34344,1.32448,1.26891,1.60351,0.890343,1.05586,1.36496512360577,0.00942243466962064
"12116","ENSG00000196391.6|protein_coding|ZNF774",3.72259,3.78068,3.89634,3.76412,3.55343,2.24798,6.60161,3.39786,4.26344,2.79614,2.13538,2.47596,2.64768,2.41857,2.74757,3.00003,2.21123,4.90098,3.40837,0.734293240755591,0.0401691793171276
"12185","ENSG00000196696.7|processed_transcript|PDXDC2P",6.58028,6.52516,10.2414,5.57338,7.66115,8.79012,6.12882,5.01186,8.6372,9.30505,13.1155,15.1328,7.81997,6.15219,10.1996,12.3357,12.3805,6.87202,9.08166,1.41452620339997,0.0148744927496872
"12192","ENSG00000196730.8|protein_coding|DAPK1",21.1558,16.4183,23.1574,17.923,24.7423,19.9703,21.2777,20.3538,22.5965,23.4663,26.3323,24.7626,22.5232,23.3234,22.5929,25.3211,21.4621,21.6845,24.3334,1.13127485739233,0.0164626125255586
"12274","ENSG00000197217.8|protein_coding|ENTPD4",37.3511,31.04,32.7897,36.9249,31.8405,46.2181,37.5114,36.9751,40.1498,38.6943,43.9657,44.7985,39.554,39.0501,80.3957,59.0462,50.9031,35.4248,39.1661,1.28143253065442,0.044770871003312
"12364","ENSG00000197769.5|protein_coding|MAP1LC3C",4.52608,1.86893,5.47159,1.2941,1.59525,1.93221,1.27449,0.225919,1.89119,3.36858,1.57453,4.17843,2.74728,7.7481,10.0436,12.0717,6.59648,1.10722,7.64852,2.55859624610036,0.0188542586824048
"12396","ENSG00000197928.6|protein_coding|ZNF677",35.624,27.0985,22.1397,18.9024,23.7212,28.2674,23.1551,23.1268,32.6682,30.125,25.8797,29.6618,32.6468,32.4834,35.2611,29.0826,30.7256,34.4501,28.3784,1.18372877586297,0.0342622033470853
"12402","ENSG00000197943.5|protein_coding|PLCG2",0.489661,1.80757,0.583557,1.15068,0.349907,0.832943,1.3639,0.50651,0.550723,1.16233,1.21903,1.99279,1.26874,1.13246,1.5513,1.18095,2.07218,0.647512,1.04388,1.56428936548738,0.039406298173143
"12417","ENSG00000198001.9|protein_coding|IRAK4",4.5726,5.58124,4.00767,3.86047,4.19813,4.49178,4.98568,2.89685,5.33143,5.57658,4.31176,7.81752,5.00452,4.4655,5.72022,5.78029,5.88149,4.74703,4.34771,1.20942592330533,0.0465845585131042
"12438","ENSG00000198105.7|protein_coding|ZNF248",18.972,13.4325,16.0209,18.3332,17.7139,16.7188,19.3558,19.3651,17.799,13.2199,13.8922,8.66503,14.8651,14.2182,18.0275,12.4338,16.5846,12.3994,18.3262,0.813948134311323,0.010235853712429
"12469","ENSG00000198265.7|protein_coding|HELZ",6.72176,6.87519,7.2619,8.29319,6.24003,8.80177,8.70993,7.21195,7.60805,8.16048,7.06529,11.2607,8.08805,7.90828,8.57036,13.154,11.3712,8.45886,7.61285,1.21796324983089,0.0371768580025699
"12557","ENSG00000198739.6|protein_coding|LRRTM3",3.50874,2.6373,2.20525,3.48538,2.95852,1.83124,3.04165,7.11066,2.83344,1.90214,0.986568,1.38388,3.6802,1.86462,1.03106,2.52177,1.26129,2.26035,1.95352,0.572766280631821,0.030337273091685
"12609","ENSG00000198873.10|protein_coding|GRK5",24.6406,7.5977,31.7192,13.2885,20.4037,32.2477,20.9611,17.2376,23.4721,24.2611,41.1909,107.389,19.9403,35.0262,58.1093,55.7973,53.4172,18.3474,32.0988,2.0933523935601,0.02289565255828
"12630","ENSG00000198920.5|protein_coding|KIAA0753",17.8704,15.1409,16.6301,17.861,18.4488,19.0948,16.6909,16.2294,14.9548,18.5901,15.8907,18.2232,19.0377,18.2618,19.1597,21.4317,18.194,18.3322,17.3916,1.08592882211807,0.0388377085031992
"12648","ENSG00000198961.5|protein_coding|PJA2",67.4326,62.0085,64.0309,62.2487,58.8461,60.8142,57.4766,66.8891,59.4918,56.7135,62.6022,77.6261,59.8064,66.8127,83.2347,74.4307,73.5591,71.4228,62.9528,1.10908834066324,0.0387415072632747
"12738","ENSG00000204131.6|protein_coding|NHSL2",1.37755,0.955039,2.14897,1.53212,1.30556,2.17544,1.57023,0.994975,1.47999,1.86613,3.59544,2.47509,2.40553,1.54582,4.15666,4.57931,4.01038,1.25064,1.64072,1.82964390953712,0.0112708591193043
"12743","ENSG00000204175.4|protein_coding|GPRIN2",6.94625,6.17673,6.20801,3.32018,7.19371,2.85399,3.85055,2.27251,3.98958,4.87283,3.54269,12.6757,5.60885,7.75444,7.37817,13.1355,10.7717,6.79551,7.17916,1.67578987519945,0.0171977397196194
"12778","ENSG00000204351.7|protein_coding|SKIV2L",26.7626,23.3553,30.443,25.2523,27.9795,30.9819,27.5056,33.2078,27.166,33.8867,45.5236,47.3657,30.4627,32.9184,35.9718,34.265,52.3787,22.4577,25.6104,1.28538091619369,0.0292039657668425
"12808","ENSG00000204514.5|protein_coding|ZNF814",20.3731,15.9566,16.0502,19.9131,16.7562,14.2276,16.615,13.6615,16.2133,16.0789,14.2415,12.4916,17.6864,13.2457,12.3386,12.34,10.1011,18.5482,15.1745,0.854809082933044,0.046176833323721
"12821","ENSG00000204576.7|protein_coding|PRR3",26.9332,24.6059,24.5004,23.9275,26.4691,23.4909,23.1106,26.1929,24.0315,24.8861,28.1065,21.2337,21.4978,24.2899,21.9288,20.6019,21.803,22.4651,18.94,0.910040759287295,0.032009755755368
"12894","ENSG00000205352.6|protein_coding|PRR13",18.996,20.1873,28.4594,20.0958,22.0188,26.8818,19.1936,24.0446,24.2719,20.9376,34.1712,36.0391,19.988,22.1831,36.4852,30.9944,33.9877,21.4832,23.9792,1.23548772172509,0.0481647890036143
"12902","ENSG00000205542.6|protein_coding|TMSB4X",910.369,772.927,557.07,773.612,406.048,686.357,723.315,818.849,1085.56,1109.07,958.381,1561.39,1352.88,907.331,1285.83,1282.83,903.936,1290.16,1151.35,1.57746857898159,0.000257127804789376
"12949","ENSG00000206503.7|protein_coding|HLA-A",11.8555,20.7434,11.9005,16.4019,8.46776,11.1289,19.4976,13.0515,8.89927,17.8601,12.62,17.8356,14.1974,33.9553,39.6828,21.7607,31.7914,21.2818,17.2367,1.68434441610502,0.0131314542963378
"12983","ENSG00000211455.3|protein_coding|STK38L",15.4966,15.2165,19.3379,13.1935,17.5431,17.3951,15.8137,7.49709,15.9065,15.0432,21.3605,23.8997,17.7426,11.6362,15.0765,27.8214,28.5087,19.4363,18.4505,1.30333371931104,0.0421873170416606
"13060","ENSG00000213619.5|protein_coding|NDUFS3",73.7914,64.8588,66.2583,76.9179,77.7549,64.281,64.1575,81.1892,65.0394,69.4588,73.0697,61.3223,60.325,70.009,67.5282,53.7641,56.2729,65.9147,60.3782,0.905384404596054,0.0432621215017963
"13153","ENSG00000214941.3|protein_coding|ZSWIM7",21.4482,20.9393,24.9401,19.5751,19.2933,15.091,18.9736,16.991,20.2843,24.0104,24.2885,28.9365,20.8773,21.6869,27.0201,20.097,16.7287,23.4413,22.7899,1.16533579968896,0.0365039125067245
"13156","ENSG00000215012.4|protein_coding|C22orf29",6.74762,5.20351,7.51971,6.15399,8.29147,6.56743,6.62894,8.14077,6.50554,2.85554,3.05623,2.7255,2.84665,2.91876,4.75296,4.08355,3.87137,2.35678,3.90609,0.486343637799718,2.84803677732752e-07
"13165","ENSG00000215193.7|protein_coding|PEX26",24.3989,19.7328,14.1371,17.3625,15.2125,17.0676,19.046,22.2377,17.2674,16.8132,14.7412,12.648,17.0358,18.8422,13.7189,10.351,12.7236,18.2818,17.2316,0.823900698355486,0.0342114006671962
"13175","ENSG00000215301.5|protein_coding|DDX3X",88.3412,85.0367,100.295,81.6472,84.975,79.0049,93.0286,93.8389,79.4452,87.0986,90.7502,126.718,125.845,99.5795,128.591,113.683,90.8237,90.8826,83.8585,1.18894092470756,0.0205021779802582
"13215","ENSG00000219438.4|protein_coding|FAM19A5",17.0957,29.6464,11.4345,20.9412,10.9825,15.9454,21.4618,20.8347,27.0145,4.05245,8.52115,13.3673,20.7764,15.7128,15.245,12.0158,6.62436,12.2703,24.4507,0.682794749216882,0.0472696577461025
"13302","ENSG00000224020.1|antisense|MIR181A2HG",3.93899,0.960065,2.92125,1.9121,3.92795,2.87784,1.14449,2.31644,2.0224,5.31854,5.25641,4.71323,2.61901,4.86725,1.90012,2.74112,3.12834,4.06956,2.14696,1.50237033992877,0.0390303652285169
"13314","ENSG00000224165.1|antisense|DNAJC27-AS1",3.00536,1.79158,3.49421,2.15104,2.48819,1.47052,1.79157,3.42823,1.46777,1.19929,1.74865,0.806499,1.38564,1.15857,1.53895,0.982445,1.8377,2.24428,1.91718,0.632444345180091,0.0145393696303082
"13324","ENSG00000224470.2|protein_coding|ATXN1L",8.55505,9.08744,11.0367,9.0626,10.9475,11.2466,8.90169,9.12665,8.42554,9.01492,12.5581,12.0879,9.93725,10.8842,14.2473,13.9602,13.6761,8.29666,10.3769,1.19847033971731,0.0265439659726609
"13382","ENSG00000225973.3|antisense|RP11-139H15.1",9.95029,4.70146,8.3059,5.87289,8.94306,6.14979,9.24959,7.41562,8.8875,9.53378,10.226,9.23319,10.0694,8.22591,12.3016,10.8732,9.05358,10.2497,10.425,1.2978883961535,0.00546297176469654
"13482","ENSG00000228709.1|processed_transcript|AP001065.15",2.41395,0.846545,1.39765,0.423257,1.44926,0.559294,2.76826,1.33382,0.595498,3.70695,2.20616,4.89738,1.99425,2.87621,3.35416,1.19698,2.37379,0.572114,2.66022,1.97279537857537,0.0172023986923698
"13495","ENSG00000228989.1|antisense|AC133528.2",4.44465,2.73052,3.96134,4.24392,2.39705,4.41968,3.10488,5.85613,2.86346,5.52569,5.81364,3.0084,4.33655,6.74359,6.261,5.46538,4.2987,3.27657,4.75463,1.30904177724583,0.0435706232877454
"13545","ENSG00000230513.1|antisense|THAP7-AS1",4.27545,5.61716,3.40484,6.34494,5.36241,3.0461,4.97632,4.76183,4.31558,2.24866,1.474,1.12823,2.26209,3.3844,1.19934,0.912916,0.87904,1.61471,2.2504,0.37094275380166,5.91024228581158e-06
"13555","ENSG00000230733.2|lincRNA|AC092171.4",4.88607,5.55531,5.06531,4.75079,4.93313,5.36553,4.92566,5.51429,4.73873,4.46408,4.81971,3.98992,4.38673,4.35612,3.4649,4.33818,5.09814,4.9395,4.89348,0.880635017258185,0.00557005164724266
"13595","ENSG00000232098.2|lincRNA|CTD-2619J13.14",4.98715,4.76648,3.31478,4.61456,3.70686,5.83302,5.36775,4.72918,4.65711,5.55192,4.81664,4.94475,5.83095,8.10143,7.31505,7.03267,4.92419,4.71462,5.42979,1.25773512520818,0.0185946410321369
"13598","ENSG00000232119.2|protein_coding|MCTS1",34.5676,23.6397,27.3715,31.9208,30.7359,28.4597,29.5118,33.7768,28.6403,30.6048,27.934,27.2724,26.2245,29.5299,23.946,25.8828,22.2019,28.2632,27.0314,0.900893888523033,0.0483092796933894
"13605","ENSG00000232527.3|lincRNA|RP11-14N7.2",10.9217,11.7024,34.3097,13.5152,8.54889,30.4614,4.54748,18.1582,18.2134,13.0075,41.8549,17.37,13.7215,20.4533,39.6913,40.8024,74.9107,16.4957,50.2819,1.96657458117148,0.0424596820719372
"13628","ENSG00000233137.2|lincRNA|RP11-220I1.1",20.5642,21.8939,27.926,16.1071,21.4176,25.217,15.7196,18.8322,18.1894,20.0533,29.5109,35.8925,21.2982,19.1129,24.911,34.0921,45.6599,19.5559,27.9196,1.34615434692549,0.0362747895638233
"13669","ENSG00000234431.2|lincRNA|AC007283.5",2.52221,2.71794,0.831815,5.48988,0.972071,1.56428,1.45746,0.824955,1.61084,2.45533,1.72616,6.31793,2.21456,4.42893,5.11823,3.20537,1.69078,3.34185,4.21631,1.73659728723381,0.0480341499558952
"13679","ENSG00000234630.1|lincRNA|LL22NC03-2H8.4",1.96238,1.07589,1.45795,2.65264,1.66492,1.60698,1.9282,2.35552,1.66721,1.65063,0.85286,0.526118,1.16184,1.22946,0.881956,1.8457,1.56138,1.62719,1.15889,0.686943229440577,0.0137883157354484
"13735","ENSG00000235890.1|antisense|TSPEAR-AS1",2.65384,1.07503,1.55388,0.129075,1.32502,0.925207,2.69584,0.963705,0.513601,4.70982,1.98211,6.289,2.28115,3.2792,4.67693,1.63335,6.20726,0.599349,3.6612,2.68583863996192,0.00619997229922352
"13752","ENSG00000236338.1|protein_coding|AC015987.2",12.0883,9.3226,19.1458,21.646,19.2681,9.81487,7.88758,15.3286,9.62124,9.2704,13.3138,15.225,5.79805,9.95385,7.35677,7.54521,7.65016,6.06787,5.73902,0.637497157055951,0.0265849669110615
"13756","ENSG00000236540.2|antisense|AC006547.13",2.82999,1.86637,1.12918,2.22535,1.17595,1.35039,1.57116,2.31991,3.56926,0.620796,1.00993,0.507715,0.532438,1.2449,0.649477,0.34929,0.9849,0.844376,0.508,0.36183606873657,0.00132245074437882
"13770","ENSG00000237015.1|antisense|CTA-984G1.5",0.459817,1.17375,0.529775,0.241776,0.991197,1.03754,1.11556,0.175264,1.03046,1.64745,1.20455,1.39227,1.00834,1.81852,2.18602,0.709958,1.75545,0.886864,0.778118,1.78364738312565,0.0111522664810648
"13794","ENSG00000237517.4|antisense|DGCR5",7.2456,4.78505,4.32056,6.11461,4.94129,3.92875,5.7118,10.1702,5.7754,2.64579,1.53898,1.23863,2.36689,2.40905,1.2274,3.45618,1.00023,3.98521,2.67871,0.382923469890322,0.000251824921689619
"13826","ENSG00000239415.1|processed_transcript|AP001469.9",4.62738,4.27475,2.93762,5.1202,4.10885,3.51665,5.50323,3.1805,4.16823,4.42966,2.18,2.76123,3.99624,2.88123,2.6552,2.74261,2.59062,4.11556,2.32666,0.73752722210217,0.0109665240366453
"13869","ENSG00000241043.1|protein_coding|GVQW1",1.52792,1.39294,1.35433,1.55967,1.79306,1.10729,2.32008,1.13988,1.94373,1.2404,1.30892,1.02532,1.29082,1.03814,0.933666,1.09396,0.816842,1.31556,1.29098,0.722768192716548,0.0109741586620508
"13900","ENSG00000241973.6|protein_coding|PI4KA",23.6829,21.7017,23.7161,19.7336,21.8928,21.0113,22.4665,26.4267,26.5805,15.2123,13.3822,11.8447,15.5748,17.3988,12.8418,15.608,10.5048,11.7355,11.0987,0.587231344115522,9.01675811024273e-08
"13913","ENSG00000242259.3|protein_coding|C22orf39",24.7393,21.0592,16.449,26.7808,18.1685,19.6817,19.3254,25.348,19.6297,11.1927,8.76732,8.03798,10.3172,12.8896,14.486,7.30137,4.90505,11.115,9.91489,0.465705899521711,1.29382566267632e-06
"13951","ENSG00000243335.4|protein_coding|KCTD7",20.6903,16.6087,18.783,19.7713,20.839,22.162,22.4329,20.6401,21.7396,17.382,14.1643,13.3563,20.7377,19.6389,19.6292,18.5531,15.3971,23.0722,17.9644,0.881518008960787,0.0499193489523387
"13955","ENSG00000243452.3|protein_coding|NBPF15",9.47887,10.4718,13.4862,9.23795,9.41971,13.3368,10.2693,10.0553,10.3571,9.41925,16.6447,16.9768,13.2246,12.8154,7.69787,14.3975,18.3101,12.6339,13.4721,1.26968214403396,0.0282708773567193
"13992","ENSG00000244462.3|protein_coding|RBM12",40.2669,46.8864,39.3612,40.2036,40.7892,43.7687,40.0445,45.0769,43.8622,48.2071,54.7023,43.4486,47.384,49.0635,46.8788,45.258,40.4672,47.1777,38.8594,1.09215372866326,0.0353557205343972
"13997","ENSG00000244567.1|lincRNA|AC096772.6",4.78784,4.23878,4.27942,5.42167,4.92877,3.32827,3.69155,3.69962,2.96575,3.35843,2.87875,3.95495,3.63102,3.86961,3.47201,2.93911,3.15682,3.7515,3.44921,0.83058066230032,0.0347145384828795
"14007","ENSG00000245060.2|lincRNA|LINC00847",2.21982,4.55829,3.73832,1.34259,1.41716,2.42221,0.809735,1.49106,0.975408,1.8725,3.07717,10.3752,2.34323,4.64282,6.76962,5.32173,5.47383,1.91661,2.55006,2.10325950074397,0.0295695783885383
"14050","ENSG00000247095.2|lincRNA|MIR210HG",3.70192,2.22712,4.49966,3.67841,3.31342,5.65043,3.28168,4.08112,4.88411,4.57102,9.40743,3.91573,4.91562,7.54311,4.6582,4.45434,9.84675,3.08774,5.13291,1.46610101345296,0.0428206562222017
"14051","ENSG00000247121.2|protein_coding|CTD-2260A17.2",2.11626,1.32092,1.94668,1.36287,2.36897,1.85012,1.79173,2.09463,2.22923,0.857954,0.704566,0.637361,1.49281,1.25405,0.576847,1.63972,1.0863,2.891,1.32681,0.656894026898248,0.0199545729710668
"14055","ENSG00000247228.2|antisense|RP11-296I10.3",5.45733,4.35265,6.41196,2.79206,5.18643,5.93058,7.7602,8.50088,4.75011,3.85771,6.50223,4.56994,3.06306,3.19513,3.2499,3.81422,5.25383,4.23403,2.79426,0.713322442131938,0.032163649194595
"14066","ENSG00000247708.2|antisense|STX18-AS1",2.84198,2.6196,3.17239,2.02177,3.88996,3.24352,2.92508,3.23265,3.03663,4.11274,4.54003,4.45067,3.16462,3.504,3.51327,3.14717,3.56241,3.18242,3.08635,1.20952490366364,0.019136628124989
"14119","ENSG00000249471.3|protein_coding|ZNF324B",3.42871,2.62856,3.57998,3.40171,3.28082,2.98597,2.89648,4.4591,3.10728,3.05312,2.2777,2.5288,2.98007,3.4388,2.04092,2.61265,2.8112,2.77309,3.41561,0.844472214188032,0.0368392073961052
"14130","ENSG00000249853.3|protein_coding|HS3ST5",3.65551,5.4842,1.71742,5.32163,1.69546,1.37331,2.79731,6.38362,3.02829,2.95184,0.518438,0.416923,2.63221,2.38181,0.882966,0.45094,0.318922,3.32774,2.51637,0.469162996813085,0.0232420655436516
"14167","ENSG00000250644.1|protein_coding|RP11-295K3.1",0.596549,1.21544,1.15461,0.824034,1.64426,0.691559,0.461835,2.0176,0.766757,1.69047,2.00638,4.23102,0.778319,0.795634,1.17935,2.04309,4.19905,0.71614,3.21264,2.00230412037414,0.0437967696073438
"14315","ENSG00000254870.1|protein_coding|ATP6V1G2-DDX39B",8.63837,10.6824,2.52191,3.85913,6.88159,6.27443,6.80259,3.60966,6.0269,8.11491,7.1322,6.76103,10.6387,11.0515,13.8549,5.51879,7.58256,8.60999,8.50926,1.42858535854942,0.0357735062245446
"14317","ENSG00000254901.3|protein_coding|MEF2BNB",11.0485,8.35481,11.095,13.5624,10.9278,9.88777,11.5827,16.8161,7.74643,10.0087,7.24542,3.22091,10.311,7.7006,3.6635,5.97533,9.53065,11.8203,8.06525,0.690818163379264,0.0144589927389047
"14326","ENSG00000255072.1|protein_coding|PIGY",22.1002,21.3163,18.7227,16.0067,27.2523,2.52264,7.62171,13.0318,18.816,4.83053,16.6005,3.30747,7.04829,10.8128,9.88109,9.4255,16.1204,1.35392,16.7485,0.586986190072824,0.045915863492966
"14331","ENSG00000255112.2|protein_coding|CHMP1B",33.5878,32.7473,28.2055,41.5332,23.2936,33.447,32.4328,29.7668,28.8695,29.8941,41.6853,85.8139,35.7237,32.6987,42.4151,38.7722,51.6291,34.8339,40.3744,1.3754105469321,0.0493014234595407
"14338","ENSG00000255164.1|antisense|RP5-1047A19.4",1.10488,2.88277,0.850115,1.93483,1.19221,1.40699,1.78762,2.24838,1.23514,0.873481,0.641723,0.60351,1.60714,0.808461,0.116295,1.42429,1.09929,1.70768,1.54076,0.640607023113877,0.0475813189157662
"14356","ENSG00000255423.1|protein_coding|EBLN2",2.04681,1.55362,1.76017,1.49385,1.92719,2.28357,1.71061,1.33962,2.99886,2.40751,3.45231,1.95297,2.32902,1.76121,2.88149,2.71849,3.28978,1.94811,2.25006,1.31421413671608,0.027334307721571
"14361","ENSG00000255458.1|lincRNA|RP11-539G18.2",2.10388,1.23042,1.10263,1.59816,1.96571,0.504379,1.14823,1.84214,0.9105,1.19917,0.386714,0.704584,1.09183,0.684425,0.822816,0.58065,1.02529,1.20683,1.45357,0.664215585477697,0.042700471543405
"14371","ENSG00000255561.2|protein_coding|FDXACB1",1.63094,1.62256,1.66351,2.14797,2.61325,1.17002,1.47881,2.0747,1.4816,1.33481,1.7033,1.35068,1.44138,1.76297,1.31525,0.925348,1.00721,1.20066,1.08842,0.743987745665904,0.0192513848328711
"14533","ENSG00000259244.1|processed_transcript|RP11-182J1.12",0.15402,1.56783,1.60136,0.485711,1.99536,1.5516,0.623102,0.47045,1.03131,1.36331,2.94742,2.63979,1.76582,1.08113,1.35834,4.05443,3.42627,1.54888,0.894823,2.00112920474693,0.0200836104594075
"14592","ENSG00000259905.1|lincRNA|PWRN1",1.15566,0.748887,1.8316,0.971513,1.43764,0.874981,1.60331,0.824403,0.783769,2.8062,1.13614,6.3204,2.65229,2.90396,1.1833,2.04266,1.70175,1.45373,0.942142,2.03565258499439,0.045431253076996
"14629","ENSG00000260248.1|lincRNA|RP11-143K11.1",7.86605,11.851,2.35164,11.5869,3.2911,10.8123,11.4623,16.9729,5.10274,6.03828,5.6632,0.382912,8.06726,7.99282,5.41851,0.551666,0.57062,4.88342,7.36157,0.519542769942235,0.0357835513501444
"14643","ENSG00000260351.1|antisense|RP11-382A20.6",2.71373,2.42178,1.0451,3.80365,1.62771,1.36181,1.58582,1.84213,1.57003,1.60053,0.524468,0.368773,1.37035,0.661359,0.379781,1.51761,0.645183,2.68265,0.750091,0.525864773400045,0.0201056222676651
"14647","ENSG00000260400.1|sense_overlapping|RP11-119F7.5",4.47921,5.14448,2.69159,6.7871,4.23422,2.38854,4.0634,4.13053,3.13299,3.7134,2.18781,3.33213,3.16827,3.89588,2.4543,1.65829,1.607,3.93427,2.60676,0.69368070223356,0.0313806614329335
"14670","ENSG00000260579.1|antisense|RP11-382A20.2",1.75076,2.60969,2.01798,3.90591,3.77519,1.06372,2.83186,0.667521,1.96116,1.30458,2.29191,0.438555,1.2201,0.769261,0.415865,1.52128,1.30131,2.36473,1.84689,0.58915449054064,0.0469915552283678
"14685","ENSG00000260804.2|lincRNA|RP11-566E18.3",14.3865,20.2122,10.1766,23.2982,14.7554,10.4725,15.0028,15.5452,12.9918,12.99,9.52649,9.56582,13.5623,6.28558,1.96585,8.85123,8.75219,21.3046,11.1488,0.683694486748143,0.0380116697744688
"14687","ENSG00000260822.1|sense_overlapping|GS1-358P8.4",3.64993,2.97991,2.90258,3.23794,1.64633,3.13224,2.5079,2.41244,2.87643,3.01909,2.77258,4.01067,3.60399,4.69411,6.83301,3.4938,3.82248,2.62529,3.49802,1.36258757895817,0.033289666221732
"14688","ENSG00000260837.1|lincRNA|RP11-434B12.1",1.2966,1.38693,1.04353,1.85711,1.09017,1.89039,2.44942,2.01288,1.8623,1.66845,1.0585,1.27019,1.16559,1.26007,0.920881,0.81134,0.655195,1.14647,1.44522,0.689199272230517,0.0148956759979738
"14706","ENSG00000260948.1|sense_overlapping|RP11-552M11.8",1.93611,2.39268,1.2157,1.69793,1.9478,1.68251,2.17719,2.12085,2.28296,2.03684,1.95152,2.95594,2.12614,3.05678,3.03286,2.31915,1.95857,2.13007,2.02332,1.21647756668632,0.0421084849081037
"14715","ENSG00000261067.1|processed_transcript|RP11-264B17.3",2.01415,0.887271,2.21411,2.09834,2.67692,2.2995,1.77335,1.94733,1.76781,1.45243,1.56005,1.99459,1.20835,1.84981,1.10464,1.7308,1.8049,0.936161,1.09916,0.750436463916828,0.0281758865271026
"14724","ENSG00000261114.1|sense_intronic|RP11-325K4.2",0.15336,0.87518,0.841521,0.323119,0.340805,0.709439,0.442767,0.562872,1.48903,0.759582,3.19156,1.60555,0.974624,1.19538,0.440287,1.39537,2.50302,0.907009,1.1904,2.2213832714109,0.0207632665222612
"14733","ENSG00000261168.1|sense_overlapping|RP11-68I18.10",7.65751,7.18053,3.76109,8.67189,5.20321,4.71498,10.0966,7.73276,6.38374,6.3349,2.77377,3.60121,5.57364,6.05981,3.00175,2.29429,1.89516,7.70029,4.82912,0.645864072540593,0.0174034622974804
"14926","ENSG00000265817.1|protein_coding|FSBP",2.5857,2.39097,2.47397,2.2818,3.45772,1.97865,2.32942,1.21734,2.58731,1.93692,2.42834,4.54453,3.40369,2.22776,4.34006,5.10569,2.45901,3.51946,3.42861,1.41082628264347,0.0265265466850988
"14969","ENSG00000267161.1|lincRNA|AC005943.5",6.03129,6.3837,4.72833,6.56171,6.92988,5.07414,8.96436,6.3583,4.94802,5.39306,4.65759,3.67169,5.50547,4.73919,1.85225,4.02942,3.66243,7.03668,4.66751,0.726937428958661,0.0129831026684478
"14970","ENSG00000267165.1|antisense|RP11-78A19.3",28.9867,10.5741,20.0136,29.262,23.8655,27.0204,27.3148,22.3088,19.5546,33.7569,29.72,26.4029,31.8991,20.7793,40.2842,37.8115,39.2902,29.2529,23.4761,1.34708050004667,0.0127070430572373
"15012","ENSG00000267510.1|antisense|CTC-325H20.4",2.52653,2.57861,3.01934,2.87424,4.21806,1.18157,1.70291,2.64122,2.16231,1.7177,1.9163,1.09911,1.3064,0.55492,1.06797,2.23605,1.38154,2.00305,0.886671,0.556771745124055,0.00468178493195316
"15036","ENSG00000267769.1|antisense|CTB-50L17.9",1.45916,1.50453,2.36056,1.07379,1.41789,1.57136,1.29896,1.56017,1.19356,1.11788,1.2687,1.24225,1.21036,1.664,1.46964,1.017,0.999593,0.564506,1.08748,0.779559798452081,0.0483328121262961
"15081","ENSG00000268471.3|lincRNA|MIR4453",5.07779,3.56433,4.12956,5.36273,5.28053,4.53147,3.84018,4.87476,4.11078,4.23473,4.20216,3.03904,3.99238,3.93038,4.6985,3.30227,2.70852,4.47867,3.54717,0.841762203740643,0.0283099363419919
"15170","ENSG00000269918.1|sense_intronic|AF131215.9",2.81023,3.55286,3.13237,4.23708,3.44718,2.5079,3.76303,3.14506,3.11201,2.12494,1.79763,2.19526,2.93643,2.48099,2.69409,2.26746,2.95215,3.56742,2.96337,0.787060265816427,0.00918555338404545
"15194","ENSG00000269994.1|lincRNA|RP11-276H19.2",0.189355,0.410064,0.470365,0.0284676,0.146225,0.714632,1.79595,0.869971,0.159764,2.84677,3.29534,1.50145,2.19155,0.804239,4.71977,1.21903,0.211096,0.504181,0.368119,3.32206398620831,0.0306421065153551
"15225","ENSG00000270109.1|lincRNA|RP11-393M11.2",1.37526,1.21344,1.58654,1.65102,1.27164,0.886929,1.74813,1.19907,0.73258,1.40058,0.171271,1.10594,0.70242,0.862779,0.993603,0.911322,1.50586,0.455283,0.329806,0.651112917715459,0.0220084648317445
"15274","ENSG00000271265.1|lincRNA|RP11-230C9.4",0.897551,1.13635,0.20721,0.943137,0.968586,1.62101,1.307,0.411,0.401246,1.59538,0.938126,1.57982,0.996451,1.41844,1.58653,1.52753,1.37849,1.66495,2.10021,1.68594736662068,0.00594315313923877
"15376","ENSG00000272277.1|antisense|RP1-40E16.12",0.228007,2.37215,1.03311,2.30861,3.22399,1.89267,2.27594,1.29024,3.5706,2.14266,1.73224,0.584058,0.984906,0.960695,0.869577,0.644417,0.505055,1.07785,0.652633,0.502254613096326,0.0243900078987335
"15393","ENSG00000272368.1|processed_transcript|RP4-605O3.4",1.70326,2.3504,0.713884,1.12353,1.51414,0.939889,1.36464,1.37744,1.13051,1.06373,0.668152,0.259977,0.772162,1.11345,0.851901,0.478329,1.44321,1.1757,1.28407,0.671126120127589,0.0394515553328325
